-- phpMyAdmin SQL Dump
-- version 4.1.11
-- http://www.phpmyadmin.net
--
-- Host: localhost
-- Generation Time: Aug 23, 2016 at 11:28 AM
-- Server version: 5.5.16
-- PHP Version: 5.3.8

SET SQL_MODE = "NO_AUTO_VALUE_ON_ZERO";
SET time_zone = "+00:00";


/*!40101 SET @OLD_CHARACTER_SET_CLIENT=@@CHARACTER_SET_CLIENT */;
/*!40101 SET @OLD_CHARACTER_SET_RESULTS=@@CHARACTER_SET_RESULTS */;
/*!40101 SET @OLD_COLLATION_CONNECTION=@@COLLATION_CONNECTION */;
/*!40101 SET NAMES utf8 */;

--
-- Database: `wsdc_ara`
--

-- --------------------------------------------------------

--
-- Table structure for table `ci_sessions`
--

CREATE TABLE IF NOT EXISTS `ci_sessions` (
  `id` varchar(40) NOT NULL,
  `ip_address` varchar(45) NOT NULL,
  `timestamp` int(10) unsigned NOT NULL DEFAULT '0',
  `data` blob NOT NULL,
  KEY `ci_sessions_timestamp` (`timestamp`)
) ENGINE=InnoDB DEFAULT CHARSET=latin1;

--
-- Dumping data for table `ci_sessions`
--

INSERT INTO `ci_sessions` (`id`, `ip_address`, `timestamp`, `data`) VALUES
('37b0071a01e07221c7a5f34b9cb7286266e49c1e', '68.180.231.42', 1470399186, 0x5f5f63695f6c6173745f726567656e65726174657c693a313437303339393138363b),
('cc164ef9c98e87083bb226d29f79e661be581ab4', '64.233.173.210', 1470400491, 0x5f5f63695f6c6173745f726567656e65726174657c693a313437303430303439313b),
('7a8d2aee4c99574d8afc094ab70fc467b543de79', '64.233.173.206', 1470400491, 0x5f5f63695f6c6173745f726567656e65726174657c693a313437303430303439313b),
('3776a9089ab7445139037e45b1778a576fce574e', '64.233.173.210', 1470400494, 0x5f5f63695f6c6173745f726567656e65726174657c693a313437303430303439343b),
('f6e98907d5da7c6aa9be9ac882e10349a2a86aaf', '64.233.173.206', 1470400637, 0x5f5f63695f6c6173745f726567656e65726174657c693a313437303430303633373b),
('0bedc3980d3ca0abf59f3c81cbad4c6bb76dfc27', '150.107.10.192', 1470403330, 0x73746570315f646174617c613a31313a7b733a343a226e616d65223b733a32303a22414d4954204b554d4152205052414248414b4152223b733a363a22726f6c6c6e6f223b733a353a223038333131223b733a31313a22636f757273655f74797065223b733a383a22422e20546563682e223b733a353a226261746368223b733a343a2232303132223b733a363a226272616e6368223b733a32323a224d656368616e6963616c20456e67696e656572696e67223b733a373a22636f756e747279223b733a353a22496e646961223b733a373a22636f6e74616374223b733a31303a2239353233383632323632223b733a353a22656d61696c223b733a32303a226d746b756d617232373040676d61696c2e636f6d223b733a373a2261646472657373223b733a3130353a22532f4f202d204248414757414e2052414d200d0a56494c4c414745202d55544152415448552c20502e4f2d2055544152415448550d0a502e53202d2042494e44202c2044495354524943542d204e414c414e4441200d0a50494e2d203830333130370d0a4249484152223b733a393a22697061646472657373223b733a31343a223135302e3130372e31302e313932223b733a393a22757365726167656e74223b733a3134373a224d6f7a696c6c612f352e3020284c696e75783b20416e64726f696420352e302e323b207669766f2056314d6178204275696c642f4c525832324729204170706c655765624b69742f3533372e333620284b48544d4c2c206c696b65204765636b6f292056657273696f6e2f342e30204368726f6d652f33382e302e302e30204d6f62696c65205361666172692f3533372e3336223b7d5f5f63695f6c6173745f726567656e65726174657c693a313437303430333137323b73656c65637465645f736372697074737c613a393a7b733a31313a227472616e73637269707473223b4e3b733a31323a226465677265655f6365727469223b733a313a2230223b733a31353a22636f6e5f67726164655f7368656574223b4e3b733a31353a2273656d5f67726164655f7368656574223b4e3b733a333a2273656d223b613a383a7b693a313b4e3b693a323b4e3b693a333b4e3b693a343b4e3b693a353b4e3b693a363b4e3b693a373b4e3b693a383b4e3b7d733a31343a22626f6e61666964655f6365727469223b4e3b733a32313a226d656469756d5f6f665f696e737472756374696f6e223b4e3b733a31303a22636f6e76657273696f6e223b4e3b733a31313a2274636d6967726174696f6e223b4e3b7d73656d5f6c6973747c733a303a22223b7265717565737465645f73657276696365737c613a313a7b693a303b733a313a2233223b7d726571756573745f636f73745f61727261797c613a323a7b733a33303a224465677265652043657274696669636174657320284f726967696e616c29223b733a333a22373030223b733a31343a22506f7374616c2043686172676573223b693a303b7d636f737461727261797c613a393a7b733a31323a227472616e7363726970747335223b693a303b733a31333a227472616e736372697074733130223b693a303b733a31323a226465677265655f6365727469223b733a333a22373030223b733a31353a22636f6e5f67726164655f7368656574223b693a303b733a31353a2273656d5f67726164655f7368656574223b693a303b733a31343a22626f6e61666964655f6365727469223b693a303b733a32313a226d656469756d5f6f665f696e737472756374696f6e223b693a303b733a31303a22636f6e76657273696f6e223b693a303b733a31313a2274636d6967726174696f6e223b693a303b7d70726963657c643a3730303b636865636b6564436f73747c733a343a2274727565223b7265715f69647c733a31363a2230383331313732353530343831363136223b696e666f7c733a33323a2255706c6f6164207375636365737320666f7220414d49545f6e6974772e706466223b5f5f63695f766172737c613a313a7b733a343a22696e666f223b733a333a226e6577223b7d75706c6f6164446174617c613a323a7b733a31343a227365636f6e646172795f74797065223b733a313a2231223b733a343a22646f6331223b733a31333a22414d49545f6e6974772e706466223b7d),
('a48aebba73b29612ece51650b178857308f8ba1d', '61.151.226.191', 1470403357, 0x5f5f63695f6c6173745f726567656e65726174657c693a313437303430333335373b),
('476d3064fa7e82fc87869d7166196e497c5f5b99', '101.226.33.237', 1470403357, 0x5f5f63695f6c6173745f726567656e65726174657c693a313437303430333335373b),
('5ff95730f8cd3d9cd58ff611ab3b9666b93723d0', '101.226.33.217', 1470403364, 0x5f5f63695f6c6173745f726567656e65726174657c693a313437303430333336343b),
('6193c961323e7b2c3ab5add96fbb3bb933479fcf', '117.185.27.115', 1470403402, 0x5f5f63695f6c6173745f726567656e65726174657c693a313437303430333430323b7265715f69647c733a31363a2233313432343738393130323930363736223b75706c6f6164446174617c613a323a7b733a31343a227365636f6e646172795f74797065223b4e3b733a343a22646f6331223b4e3b7d),
('d05e7ba8ff651ca8102da53475d436c371dd3f77', '180.153.214.188', 1470403404, 0x5f5f63695f6c6173745f726567656e65726174657c693a313437303430333430343b7265715f69647c733a31363a2238313239353434333938303732363635223b75706c6f6164446174617c613a323a7b733a31343a227365636f6e646172795f74797065223b4e3b733a343a22646f6331223b4e3b7d),
('3507cc862410542d1df7fa9afa0f41e58bd6df83', '101.226.33.238', 1470403639, 0x5f5f63695f6c6173745f726567656e65726174657c693a313437303430333633393b),
('5b68c14a1cde3ebbeed16f14b8eb25d1249a1d40', '150.107.10.192', 1470403706, 0x73746570315f646174617c613a31313a7b733a343a226e616d65223b733a32303a22414d4954204b554d4152205052414248414b4152223b733a363a22726f6c6c6e6f223b733a353a223038333131223b733a31313a22636f757273655f74797065223b733a383a22422e20546563682e223b733a353a226261746368223b733a343a2232303132223b733a363a226272616e6368223b733a32323a224d656368616e6963616c20456e67696e656572696e67223b733a373a22636f756e747279223b733a353a22496e646961223b733a373a22636f6e74616374223b733a31303a2239353233383632323632223b733a353a22656d61696c223b733a32303a226d746b756d617232373040676d61696c2e636f6d223b733a373a2261646472657373223b733a3130353a22532f4f202d204248414757414e2052414d200d0a56494c4c414745202d55544152415448552c20502e4f2d2055544152415448550d0a502e53202d2042494e44202c2044495354524943542d204e414c414e4441200d0a50494e2d203830333130370d0a4249484152223b733a393a22697061646472657373223b733a31343a223135302e3130372e31302e313932223b733a393a22757365726167656e74223b733a3134373a224d6f7a696c6c612f352e3020284c696e75783b20416e64726f696420352e302e323b207669766f2056314d6178204275696c642f4c525832324729204170706c655765624b69742f3533372e333620284b48544d4c2c206c696b65204765636b6f292056657273696f6e2f342e30204368726f6d652f33382e302e302e30204d6f62696c65205361666172692f3533372e3336223b7d5f5f63695f6c6173745f726567656e65726174657c693a313437303430333730363b73656c65637465645f736372697074737c613a393a7b733a31313a227472616e73637269707473223b4e3b733a31323a226465677265655f6365727469223b733a313a2230223b733a31353a22636f6e5f67726164655f7368656574223b4e3b733a31353a2273656d5f67726164655f7368656574223b4e3b733a333a2273656d223b613a383a7b693a313b4e3b693a323b4e3b693a333b4e3b693a343b4e3b693a353b4e3b693a363b4e3b693a373b4e3b693a383b4e3b7d733a31343a22626f6e61666964655f6365727469223b4e3b733a32313a226d656469756d5f6f665f696e737472756374696f6e223b4e3b733a31303a22636f6e76657273696f6e223b4e3b733a31313a2274636d6967726174696f6e223b4e3b7d73656d5f6c6973747c733a303a22223b7265717565737465645f73657276696365737c613a313a7b693a303b733a313a2233223b7d726571756573745f636f73745f61727261797c613a323a7b733a33303a224465677265652043657274696669636174657320284f726967696e616c29223b733a333a22373030223b733a31343a22506f7374616c2043686172676573223b693a303b7d636f737461727261797c613a393a7b733a31323a227472616e7363726970747335223b693a303b733a31333a227472616e736372697074733130223b693a303b733a31323a226465677265655f6365727469223b733a333a22373030223b733a31353a22636f6e5f67726164655f7368656574223b693a303b733a31353a2273656d5f67726164655f7368656574223b693a303b733a31343a22626f6e61666964655f6365727469223b693a303b733a32313a226d656469756d5f6f665f696e737472756374696f6e223b693a303b733a31303a22636f6e76657273696f6e223b693a303b733a31313a2274636d6967726174696f6e223b693a303b7d70726963657c643a3730303b636865636b6564436f73747c733a343a2274727565223b7265715f69647c733a31363a2230383331313732353530343831363136223b696e666f7c733a33323a2255706c6f6164207375636365737320666f7220414d49545f6e6974772e706466223b5f5f63695f766172737c613a323a7b733a343a22696e666f223b733a333a226f6c64223b733a373a2273756363657373223b733a333a226e6577223b7d75706c6f6164446174617c613a323a7b733a31343a227365636f6e646172795f74797065223b733a313a2231223b733a343a22646f6331223b733a31333a22414d49545f6e6974772e706466223b7d737563636573737c733a3131343a225472616e73616374696f6e207375636365737366756c2120596f7572207472616e73616374696f6e2f72657175657374206964206973203038333131373235353034383136313620506c6561736520636865636b20796f757220656d61696c2049442070726f766964656420746f20757321223b),
('96be95742b4ade9899775264aad83c874eebd4ab', '150.107.10.192', 1470403831, 0x5f5f63695f6c6173745f726567656e65726174657c693a313437303430333833313b64616e6765727c733a31383a22556e6578706563746564206661696c757265223b5f5f63695f766172737c613a313a7b733a363a2264616e676572223b733a333a226e6577223b7d),
('d65ff01dbeddbdcb155415bdd8166cb5436e634e', '180.153.214.180', 1470403893, 0x5f5f63695f6c6173745f726567656e65726174657c693a313437303430333839333b64616e6765727c733a31383a22556e6578706563746564206661696c757265223b5f5f63695f766172737c613a313a7b733a363a2264616e676572223b733a333a226e6577223b7d),
('3e32508e493a246aef34babaa1fc9cd461c98911', '180.153.214.188', 1470403991, 0x5f5f63695f6c6173745f726567656e65726174657c693a313437303430333939313b),
('f38926a0a97843910b2a119de30742f936a0efc3', '150.107.10.192', 1470404254, 0x73746570315f646174617c613a31313a7b733a343a226e616d65223b733a32303a22414d4954204b554d4152205052414248414b4152223b733a363a22726f6c6c6e6f223b733a353a223038333131223b733a31313a22636f757273655f74797065223b733a383a22422e20546563682e223b733a353a226261746368223b733a343a2232303132223b733a363a226272616e6368223b733a32323a224d656368616e6963616c20456e67696e656572696e67223b733a373a22636f756e747279223b733a353a22496e646961223b733a373a22636f6e74616374223b733a31303a2239353233383632323632223b733a353a22656d61696c223b733a32303a226d746b756d617232373040676d61696c2e636f6d223b733a373a2261646472657373223b733a3130353a22532f4f202d204248414757414e2052414d200d0a56494c4c414745202d55544152415448552c20502e4f2d2055544152415448550d0a502e53202d2042494e44202c2044495354524943542d204e414c414e4441200d0a50494e2d203830333130370d0a4249484152223b733a393a22697061646472657373223b733a31343a223135302e3130372e31302e313932223b733a393a22757365726167656e74223b733a3134373a224d6f7a696c6c612f352e3020284c696e75783b20416e64726f696420352e302e323b207669766f2056314d6178204275696c642f4c525832324729204170706c655765624b69742f3533372e333620284b48544d4c2c206c696b65204765636b6f292056657273696f6e2f342e30204368726f6d652f33382e302e302e30204d6f62696c65205361666172692f3533372e3336223b7d5f5f63695f6c6173745f726567656e65726174657c693a313437303430343135363b73656c65637465645f736372697074737c613a393a7b733a31313a227472616e73637269707473223b4e3b733a31323a226465677265655f6365727469223b733a313a2230223b733a31353a22636f6e5f67726164655f7368656574223b4e3b733a31353a2273656d5f67726164655f7368656574223b4e3b733a333a2273656d223b613a383a7b693a313b4e3b693a323b4e3b693a333b4e3b693a343b4e3b693a353b4e3b693a363b4e3b693a373b4e3b693a383b4e3b7d733a31343a22626f6e61666964655f6365727469223b4e3b733a32313a226d656469756d5f6f665f696e737472756374696f6e223b4e3b733a31303a22636f6e76657273696f6e223b4e3b733a31313a2274636d6967726174696f6e223b4e3b7d73656d5f6c6973747c733a303a22223b7265717565737465645f73657276696365737c613a313a7b693a303b733a313a2233223b7d726571756573745f636f73745f61727261797c613a323a7b733a33303a224465677265652043657274696669636174657320284f726967696e616c29223b733a333a22373030223b733a31343a22506f7374616c2043686172676573223b693a303b7d636f737461727261797c613a393a7b733a31323a227472616e7363726970747335223b693a303b733a31333a227472616e736372697074733130223b693a303b733a31323a226465677265655f6365727469223b733a333a22373030223b733a31353a22636f6e5f67726164655f7368656574223b693a303b733a31353a2273656d5f67726164655f7368656574223b693a303b733a31343a22626f6e61666964655f6365727469223b693a303b733a32313a226d656469756d5f6f665f696e737472756374696f6e223b693a303b733a31303a22636f6e76657273696f6e223b693a303b733a31313a2274636d6967726174696f6e223b693a303b7d70726963657c643a3730303b636865636b6564436f73747c733a343a2274727565223b7265715f69647c733a31363a2230383331313732353530343831363136223b75706c6f6164446174617c613a323a7b733a31343a227365636f6e646172795f74797065223b733a313a2231223b733a343a22646f6331223b733a31333a22414d49545f6e6974772e706466223b7d),
('d47b444091b5f9bcc92bee927cd37e142247236c', '101.226.61.206', 1470404341, 0x5f5f63695f6c6173745f726567656e65726174657c693a313437303430343334313b),
('9927954c2e7a07c6d6fe4b88a8ab5839fe38a267', '101.226.125.100', 1470404440, 0x5f5f63695f6c6173745f726567656e65726174657c693a313437303430343434303b),
('1c5aca847af4a40dee8737ea9eda3449b8d669cc', '103.65.202.18', 1470407842, 0x5f5f63695f6c6173745f726567656e65726174657c693a313437303430373834323b),
('02aa7c38069d04557b22028a142e44e9ef45d2dd', '173.234.153.122', 1470408570, 0x5f5f63695f6c6173745f726567656e65726174657c693a313437303430383537303b),
('541b5ee2c12ea46076a5e6519482e11e6d548ceb', '66.249.75.118', 1470410505, 0x5f5f63695f6c6173745f726567656e65726174657c693a313437303431303530353b),
('f4a5aae39758565b3ff4bc6d24b71249fe102069', '107.167.107.167', 1470410691, 0x5f5f63695f6c6173745f726567656e65726174657c693a313437303431303639313b),
('92bf3b073dac060dfdf8c69254d73372fbed5525', '106.51.137.50', 1470412198, 0x5f5f63695f6c6173745f726567656e65726174657c693a313437303431323139323b),
('a65b75baa357252937d8bc79217600bf8d02cf90', '172.30.0.13', 1470414249, 0x5f5f63695f6c6173745f726567656e65726174657c693a313437303431343234393b),
('b7bb3db5c527cb092c8b6aed118d1155df3f5060', '194.187.170.102', 1470421035, 0x5f5f63695f6c6173745f726567656e65726174657c693a313437303432313033353b),
('bc4de50dc56af61e6861d8909ca3a56ee00d063d', '8.37.232.204', 1470421813, 0x5f5f63695f6c6173745f726567656e65726174657c693a313437303432313831323b),
('d546e88babe1ec7b802caea823be25e0bf6f0219', '194.187.170.102', 1470425746, 0x5f5f63695f6c6173745f726567656e65726174657c693a313437303432353734363b),
('981ce485c60f8178079069f27a32eab228840ab5', '117.244.108.141', 1470428683, 0x5f5f63695f6c6173745f726567656e65726174657c693a313437303432383638333b),
('92c5d03db772b7cc24269b93698a54b021b0491e', '207.46.13.71', 1470436569, 0x5f5f63695f6c6173745f726567656e65726174657c693a313437303433363536393b),
('79d62d8dcf4b141ec0c5daba7cd53970e2222690', '141.8.142.6', 1470437258, 0x5f5f63695f6c6173745f726567656e65726174657c693a313437303433373235383b),
('4600d4d64226d35572303cf05a998ee0d91f8032', '66.249.65.149', 1470437978, 0x5f5f63695f6c6173745f726567656e65726174657c693a313437303433373937383b),
('7d5a016fe75629217abed6495ec6096fb2c0827e', '66.249.65.153', 1470439487, 0x5f5f63695f6c6173745f726567656e65726174657c693a313437303433393438373b),
('c521db6cf46853378ef63680075e0653c186c46f', '66.249.65.157', 1470445560, 0x5f5f63695f6c6173745f726567656e65726174657c693a313437303434353536303b),
('e3b5559dd81d455253d7bde51d99c5e9cd2e5509', '207.46.13.71', 1470446297, 0x5f5f63695f6c6173745f726567656e65726174657c693a313437303434363239373b),
('d1d5c77543c45ddf8e33e51fbd13d286c4f0d905', '8.37.234.4', 1470447431, 0x5f5f63695f6c6173745f726567656e65726174657c693a313437303434373433313b),
('f656e7083aec1d7a939f75d46f37ce31aa51b374', '8.37.234.4', 1470447901, 0x5f5f63695f6c6173745f726567656e65726174657c693a313437303434373930313b),
('dc7cc9ecede13e36119e37e832a5ef0637855f8d', '117.234.199.164', 1470453073, 0x5f5f63695f6c6173745f726567656e65726174657c693a313437303435333037333b),
('7cc923d07aa9534aa14d7540aa5cff880fcfa89f', '172.30.0.13', 1470454834, 0x5f5f63695f6c6173745f726567656e65726174657c693a313437303435343830363b),
('5ed6a2c77e5a7be2f6c2b8019e85e0ef045d06aa', '64.233.173.210', 1470455373, 0x5f5f63695f6c6173745f726567656e65726174657c693a313437303435353337333b),
('59a5e6d8c15ac8b23d44fa801770745e0680388a', '64.233.173.210', 1470455373, 0x5f5f63695f6c6173745f726567656e65726174657c693a313437303435353337333b),
('d117df45abc36014f04c2c8224d2d4ae8ac79cb1', '64.233.173.206', 1470455373, 0x5f5f63695f6c6173745f726567656e65726174657c693a313437303435353337333b),
('ed84cf7a51bd45702119884f2864ef00bce3f800', '64.233.173.206', 1470455373, 0x5f5f63695f6c6173745f726567656e65726174657c693a313437303435353337333b),
('1065d7fbf740bed4a4e441e99ba0f459d26e1089', '64.233.173.214', 1470455385, 0x5f5f63695f6c6173745f726567656e65726174657c693a313437303435353338353b),
('49c729f7c02acaef6bb9551ba5847f06c87c46eb', '64.233.173.210', 1470455385, 0x5f5f63695f6c6173745f726567656e65726174657c693a313437303435353338353b),
('85619e827ca968fac1d9f2ac7f0c068414223069', '64.233.173.206', 1470455385, 0x5f5f63695f6c6173745f726567656e65726174657c693a313437303435353338353b),
('a687c3adf45ce5a7071fc60f295539e94748662b', '64.233.173.206', 1470455385, 0x5f5f63695f6c6173745f726567656e65726174657c693a313437303435353338353b),
('e23914cebef33fefc200ff48b0a99c9c28153a78', '64.233.173.214', 1470455433, 0x5f5f63695f6c6173745f726567656e65726174657c693a313437303435353433323b),
('eeab23c32ac13e8348022cf259a58885f9092d6e', '64.233.173.214', 1470455433, 0x5f5f63695f6c6173745f726567656e65726174657c693a313437303435353433323b),
('198842b6b58a060935c14a28372c9c633efc6971', '64.233.173.214', 1470455433, 0x5f5f63695f6c6173745f726567656e65726174657c693a313437303435353433323b),
('fb9e057872e8f684b1ce7e2c8228a2b3931a3c5e', '64.233.173.206', 1470455433, 0x5f5f63695f6c6173745f726567656e65726174657c693a313437303435353433333b),
('15b714cc8115383517fac1dc36c65dbc6c93f575', '71.178.184.31', 1470455519, 0x5f5f63695f6c6173745f726567656e65726174657c693a313437303435353531393b),
('87c21e95e51b0b2d9a054631d289e4866dbf339c', '71.178.184.31', 1470455519, 0x5f5f63695f6c6173745f726567656e65726174657c693a313437303435353531393b),
('818027e1455cb4e7b3cd0222e5d8a3e86f717895', '71.178.184.31', 1470455519, 0x5f5f63695f6c6173745f726567656e65726174657c693a313437303435353531393b),
('2a0d0265481091666af9aa3a29811617a294a251', '71.178.184.31', 1470455615, 0x5f5f63695f6c6173745f726567656e65726174657c693a313437303435353531393b),
('b801587c0d4b638fd5e12c9fa9eefe438f0c4516', '64.233.173.206', 1470455716, 0x5f5f63695f6c6173745f726567656e65726174657c693a313437303435353731363b),
('b0a790c618afd16af21c647434f09a2f67e57a31', '64.233.173.210', 1470455716, 0x5f5f63695f6c6173745f726567656e65726174657c693a313437303435353731363b),
('ac5352e6332ff2ac7cc5f9558b24ddd725fce7bf', '64.233.173.210', 1470455716, 0x5f5f63695f6c6173745f726567656e65726174657c693a313437303435353731363b),
('76981114f71ceb4745db5b4ce11ca2421466a200', '64.233.173.210', 1470455716, 0x5f5f63695f6c6173745f726567656e65726174657c693a313437303435353731363b),
('174e9fce39be5dde0e7d7e64c44397a5bb64414c', '64.233.173.210', 1470455728, 0x5f5f63695f6c6173745f726567656e65726174657c693a313437303435353732383b),
('2d8e9e00fdcca1ea661c2a4b4845c5dce38f0c8f', '64.233.173.206', 1470455728, 0x5f5f63695f6c6173745f726567656e65726174657c693a313437303435353732383b),
('500ce731606ca61b28b3e0e2cfb078b91bfdceb0', '64.233.173.210', 1470455728, 0x5f5f63695f6c6173745f726567656e65726174657c693a313437303435353732383b),
('0e699a84ef71d13345c555f040e14b708d52e5af', '64.233.173.206', 1470455728, 0x5f5f63695f6c6173745f726567656e65726174657c693a313437303435353732383b),
('ad43fe55d44517b03c91c92ca0a7b063639d9d5e', '172.30.0.13', 1470455805, 0x5f5f63695f6c6173745f726567656e65726174657c693a313437303435353737383b),
('b5925350a2a199ad0b6ef0c057bfbc2574d71521', '64.233.173.214', 1470455785, 0x5f5f63695f6c6173745f726567656e65726174657c693a313437303435353738353b),
('04981aa62ef5d490a6c1dc4341e6b89ed3da02f0', '64.233.173.206', 1470455785, 0x5f5f63695f6c6173745f726567656e65726174657c693a313437303435353738353b),
('a23a2b806c308a9c143e381564cbff0dc7dba50c', '64.233.173.210', 1470455785, 0x5f5f63695f6c6173745f726567656e65726174657c693a313437303435353738353b),
('f0a3b31c795f38e5ddeb933f47af3e8717883f54', '64.233.173.210', 1470455785, 0x5f5f63695f6c6173745f726567656e65726174657c693a313437303435353738353b),
('8ed6fcac07c976b07e20b91868fe07f035d4e17f', '71.178.184.31', 1470455970, 0x5f5f63695f6c6173745f726567656e65726174657c693a313437303435353937303b),
('306a2a509c3dea56c0e1842c9e9f998e98f23eb9', '71.178.184.31', 1470455970, 0x5f5f63695f6c6173745f726567656e65726174657c693a313437303435353937303b),
('179285c3837af5a4f2773fcd0e2cfc2ed3192096', '71.178.184.31', 1470455970, 0x5f5f63695f6c6173745f726567656e65726174657c693a313437303435353937303b),
('c8e1a631835941fc4edfea02f5e2afdcb03e7afd', '71.178.184.31', 1470455986, 0x5f5f63695f6c6173745f726567656e65726174657c693a313437303435353937303b),
('85f67e0b19b79eef87dc742efa3010ad306a649c', '71.178.184.31', 1470456351, 0x5f5f63695f6c6173745f726567656e65726174657c693a313437303435363335313b),
('e0e90ac2e841ba078669040194a5d55dfc72c591', '71.178.184.31', 1470456351, 0x5f5f63695f6c6173745f726567656e65726174657c693a313437303435363335313b),
('8f03fd537142a1cd28cedda2c945d88495c1d271', '71.178.184.31', 1470456351, 0x5f5f63695f6c6173745f726567656e65726174657c693a313437303435363335313b),
('2a15fffd005de74d3907556c62eb5f262afb7e85', '71.178.184.31', 1470456351, 0x5f5f63695f6c6173745f726567656e65726174657c693a313437303435363335313b),
('214f2a43473b2a056718652a676e0e8dc4de977e', '202.62.88.122', 1470456898, 0x5f5f63695f6c6173745f726567656e65726174657c693a313437303435363837343b),
('14e0fb206b72cdbb56c3dfd50ac8403e3f7e0b4b', '64.233.173.206', 1470457654, 0x5f5f63695f6c6173745f726567656e65726174657c693a313437303435373635343b),
('5ab44804ca87580476a69964380e468334825175', '64.233.173.206', 1470457654, 0x5f5f63695f6c6173745f726567656e65726174657c693a313437303435373635343b),
('b652420ea7c3504ffaa38508948ae69eba0dd77c', '64.233.173.206', 1470457654, 0x5f5f63695f6c6173745f726567656e65726174657c693a313437303435373635343b),
('72ccee39ca933b6227e2fcd810ec943c6da1144a', '64.233.173.206', 1470457654, 0x5f5f63695f6c6173745f726567656e65726174657c693a313437303435373635343b),
('c8b0437185c12e36c294010623495ca79baa1bf9', '183.82.201.186', 1470460301, 0x5f5f63695f6c6173745f726567656e65726174657c693a313437303436303237393b),
('b20e7919e40094476feb3e399f615a734a8367d7', '117.239.89.23', 1470460629, 0x5f5f63695f6c6173745f726567656e65726174657c693a313437303436303434323b),
('24ca977873d3d82dbd0f3480b9477b560fcae744', '117.239.89.23', 1470462215, 0x5f5f63695f6c6173745f726567656e65726174657c693a313437303436323230373b),
('db5597b127f7b2c202883b056d8a8190868216d6', '210.212.123.63', 1470462569, 0x5f5f63695f6c6173745f726567656e65726174657c693a313437303436323536363b),
('a6c0629ebebc4641221002aa14226b2909622958', '207.46.13.71', 1470463210, 0x5f5f63695f6c6173745f726567656e65726174657c693a313437303436333231303b),
('32304d3a3eaeb7564b091a6ca5c739c49601f1b8', '46.161.9.11', 1470465941, 0x5f5f63695f6c6173745f726567656e65726174657c693a313437303436353934313b),
('8ea8ce9e40a167e5043eef0fb6ba2948d5b9989d', '66.249.65.153', 1470466288, 0x5f5f63695f6c6173745f726567656e65726174657c693a313437303436363238383b),
('dc2ad28983fbbca5136d42ffbd36fa168ba4ec74', '107.167.108.71', 1470467089, 0x5f5f63695f6c6173745f726567656e65726174657c693a313437303436373033393b),
('64a6551e4ff1c2370bde9bd8845794c2c89aed81', '194.187.170.122', 1470469839, 0x5f5f63695f6c6173745f726567656e65726174657c693a313437303436393833393b),
('697b6ea33b9680bc50ee96fcba6ea32c9de76658', '78.239.80.239', 1470471100, 0x5f5f63695f6c6173745f726567656e65726174657c693a313437303437313130303b),
('1519f7a318002e6f85a59d80082e83244cbae20e', '46.161.9.11', 1470471894, 0x5f5f63695f6c6173745f726567656e65726174657c693a313437303437313839343b),
('790b61a33602423b676374445504b56a6b6c09fe', '46.161.9.11', 1470474870, 0x5f5f63695f6c6173745f726567656e65726174657c693a313437303437343837303b),
('f17d47bca530a61a3e318526175e2d7c5c979aa7', '64.233.173.206', 1470475442, 0x5f5f63695f6c6173745f726567656e65726174657c693a313437303437353434323b),
('fb0a7b1c1e59f20f887eec56f4cd950aa90f954b', '202.62.88.122', 1470475778, 0x5f5f63695f6c6173745f726567656e65726174657c693a313437303437353734353b),
('1e266df59f2ca8a230fce7e73f6c8bf6b4588adf', '61.0.228.98', 1470476697, 0x5f5f63695f6c6173745f726567656e65726174657c693a313437303437363639373b),
('62e38c70cbe2b87f607358ca10ff333707cfeeb2', '203.197.255.42', 1470476762, 0x5f5f63695f6c6173745f726567656e65726174657c693a313437303437363736323b),
('4bff4573898c1f572ffb86c8c6e92fb727462172', '203.197.255.42', 1470476762, 0x5f5f63695f6c6173745f726567656e65726174657c693a313437303437363736323b),
('bc6a0ddcb16e04b3a4f9b8f752cb0fc41b1a2ba6', '103.232.228.48', 1470478595, 0x5f5f63695f6c6173745f726567656e65726174657c693a313437303437383533373b),
('c2e52232a89154ba18c1e350c4d31b71292e51b4', '103.232.228.48', 1470480470, 0x5f5f63695f6c6173745f726567656e65726174657c693a313437303438303436333b),
('3f39d1de5b512a977dee7dc57282fda77e539e36', '46.161.9.11', 1470481223, 0x5f5f63695f6c6173745f726567656e65726174657c693a313437303438313232333b),
('9056038e21f54b4c0d25f865a2e75ed0f0ee6c98', '141.8.142.6', 1470481878, 0x5f5f63695f6c6173745f726567656e65726174657c693a313437303438313837383b),
('784fa57ec31ef9a5ef535c38f5f8a386c4ffea69', '46.161.9.11', 1470482318, 0x5f5f63695f6c6173745f726567656e65726174657c693a313437303438323331383b),
('9665310f17d6058bf2b93937ae20b79af1788f8a', '8.37.234.228', 1470483825, 0x5f5f63695f6c6173745f726567656e65726174657c693a313437303438333832343b),
('2d025202dd560d9b7575758177e54074531daa6c', '43.249.216.18', 1470486614, 0x5f5f63695f6c6173745f726567656e65726174657c693a313437303438363631343b),
('de5d76bbc4fcc02314d058f2bcaeadd1d18e0126', '43.249.216.18', 1470486981, 0x5f5f63695f6c6173745f726567656e65726174657c693a313437303438363936393b),
('8c96c5cf53ac6acc59f86c2792328b23c2e0b22a', '122.252.226.208', 1470487467, 0x5f5f63695f6c6173745f726567656e65726174657c693a313437303438373433363b),
('47e2e8102207334e5668f8c303a493880cbdab5d', '207.46.13.71', 1470488738, 0x5f5f63695f6c6173745f726567656e65726174657c693a313437303438383733383b),
('8ed271058129422a8bcca99f3b8006eb44171884', '8.37.233.109', 1470488787, 0x5f5f63695f6c6173745f726567656e65726174657c693a313437303438383738373b),
('c658f113c89cc34aee54e7f91e2bbcd7852cfec2', '207.46.13.71', 1470488932, 0x5f5f63695f6c6173745f726567656e65726174657c693a313437303438383933323b),
('2dd60e8c50fbfa61e49c8f348dd35247d32d91a4', '8.37.234.214', 1470489987, 0x5f5f63695f6c6173745f726567656e65726174657c693a313437303438393938373b),
('7d64b5c70ca8f23fbffa83c8a6d3943995846f7b', '46.161.9.11', 1470490446, 0x5f5f63695f6c6173745f726567656e65726174657c693a313437303439303434363b),
('903de1cf56a085e1452ed52ebbd8173da9365916', '117.245.99.197', 1470492093, 0x5f5f63695f6c6173745f726567656e65726174657c693a313437303439323039333b),
('477932d8a3395aa456a1669ad278f308551f419a', '168.235.205.105', 1470494843, 0x5f5f63695f6c6173745f726567656e65726174657c693a313437303439343834323b),
('98ad5bee255d158a43c5b698a142fb3ec59eafe0', '103.204.119.6', 1470495585, 0x5f5f63695f6c6173745f726567656e65726174657c693a313437303439353538353b),
('fbc29493889291b4de51c6a1c682424219156a45', '103.204.119.6', 1470495973, 0x5f5f63695f6c6173745f726567656e65726174657c693a313437303439353937333b),
('6a8035d7ba4549138e663594f295234ec189f4ad', '8.37.237.133', 1470500026, 0x5f5f63695f6c6173745f726567656e65726174657c693a313437303530303032353b),
('560698c49b7fd084ce980bd8e55c8f1cab554cbb', '172.30.0.10', 1470500754, 0x5f5f63695f6c6173745f726567656e65726174657c693a313437303530303735343b),
('aa3e1a1e0db249b96fe6e9fa039969111eb4bc86', '207.46.13.37', 1470501694, 0x5f5f63695f6c6173745f726567656e65726174657c693a313437303530313639343b),
('4698b4a4ad6b02900722ef9d040fb702b6f73764', '103.235.198.50', 1470502588, 0x73746570315f646174617c613a31313a7b733a343a226e616d65223b733a31303a2253756d616e2053686168223b733a363a22726f6c6c6e6f223b733a363a22313233323437223b733a31313a22636f757273655f74797065223b733a383a22422e20546563682e223b733a353a226261746368223b733a343a2232303132223b733a363a226272616e6368223b733a32323a224d656368616e6963616c20456e67696e656572696e67223b733a373a22636f756e747279223b733a353a22496e646961223b733a373a22636f6e74616374223b733a31303a2239393038333137303938223b733a353a22656d61696c223b733a31383a22727368616839313540676d61696c2e636f6d223b733a373a2261646472657373223b733a39313a22432f6f2d2041736875746f736820537761726e616b61720d0a70683a202b39312d393930383331373039380d0a526f6f6d206e6f3a20423430352c4441534120686f7374656c2c4e49542d576172616e67616c2c20353036303034223b733a393a22697061646472657373223b733a31343a223130332e3233352e3139382e3530223b733a393a22757365726167656e74223b733a3130393a224d6f7a696c6c612f352e30202857696e646f7773204e5420362e313b20574f57363429204170706c655765624b69742f3533372e333620284b48544d4c2c206c696b65204765636b6f29204368726f6d652f35312e302e323730342e313033205361666172692f3533372e3336223b7d5f5f63695f6c6173745f726567656e65726174657c693a313437303530323336333b73656c65637465645f736372697074737c613a393a7b733a31313a227472616e73637269707473223b733a323a226f6e223b733a31323a226465677265655f6365727469223b4e3b733a31353a22636f6e5f67726164655f7368656574223b4e3b733a31353a2273656d5f67726164655f7368656574223b4e3b733a333a2273656d223b613a383a7b693a313b4e3b693a323b4e3b693a333b4e3b693a343b4e3b693a353b4e3b693a363b4e3b693a373b4e3b693a383b4e3b7d733a31343a22626f6e61666964655f6365727469223b4e3b733a32313a226d656469756d5f6f665f696e737472756374696f6e223b4e3b733a31303a22636f6e76657273696f6e223b4e3b733a31313a2274636d6967726174696f6e223b733a313a2230223b7d73656d5f6c6973747c733a303a22223b7265717565737465645f73657276696365737c613a323a7b693a303b4e3b693a313b733a323a223235223b7d726571756573745f636f73745f61727261797c613a333a7b733a31393a225472616e73637269707473202d6f6e53657473223b4e3b733a32383a2254432026616d703b204d6967726174696f6e20436572746963617465223b693a303b733a31343a22506f7374616c2043686172676573223b693a303b7d636f737461727261797c613a31303a7b733a31323a227472616e7363726970747335223b693a303b733a31333a227472616e736372697074733130223b693a303b733a31323a226465677265655f6365727469223b693a303b733a31353a22636f6e5f67726164655f7368656574223b693a303b733a31353a2273656d5f67726164655f7368656574223b693a303b733a31343a22626f6e61666964655f6365727469223b693a303b733a32313a226d656469756d5f6f665f696e737472756374696f6e223b693a303b733a31303a22636f6e76657273696f6e223b693a303b733a31313a2274636d6967726174696f6e223b733a313a2230223b733a31313a227472616e73637269707473223b4e3b7d70726963657c643a303b636865636b6564436f73747c733a343a2274727565223b7265715f69647c733a31363a2231323332343735343931303633383732223b75706c6f6164446174617c613a323a7b733a31343a227365636f6e646172795f74797065223b733a313a2231223b733a343a22646f6331223b733a32303a22656e67672d70726f766973696f6e616c2e6a7067223b7d),
('f065a4e8881d1ec512840f961103a8029f7e0eb7', '223.182.9.114', 1470505640, 0x5f5f63695f6c6173745f726567656e65726174657c693a313437303530353634303b),
('97ae18b0700eb86cb0720e0a8edaec3d17201863', '46.161.9.11', 1470506427, 0x5f5f63695f6c6173745f726567656e65726174657c693a313437303530363432373b),
('a2ba426995ab656c5a47cda5628476f078d8903c', '103.204.37.183', 1470508356, 0x5f5f63695f6c6173745f726567656e65726174657c693a313437303530383335363b),
('bfdc8f21fb1cd0bd80611628851ff481ab96b474', '151.80.31.106', 1470509115, 0x5f5f63695f6c6173745f726567656e65726174657c693a313437303530393131353b),
('8ca833e7ad79cca3c13d8919e11071911b569c40', '115.98.41.185', 1470509512, 0x5f5f63695f6c6173745f726567656e65726174657c693a313437303530393438343b),
('41ab9dbec016ed19a6692eee9362607f27df30b0', '68.180.231.42', 1470512667, 0x5f5f63695f6c6173745f726567656e65726174657c693a313437303531323636373b),
('875f6bc766d139f8de58c1ea98f8765578796169', '141.8.142.6', 1470514385, 0x5f5f63695f6c6173745f726567656e65726174657c693a313437303531343338353b),
('3f697a1e38d3df696e0340a28bd9ce52232c5571', '207.46.13.71', 1470514814, 0x5f5f63695f6c6173745f726567656e65726174657c693a313437303531343831343b),
('2af9964a2f6d36fc5ed0b876a6f8f29623b782d8', '66.249.64.177', 1470516288, 0x5f5f63695f6c6173745f726567656e65726174657c693a313437303531363238383b),
('754c34b9dfa9f91c9a25ad9835f95deb1fbb7e42', '178.255.215.87', 1470519068, 0x5f5f63695f6c6173745f726567656e65726174657c693a313437303531393036383b),
('b7cbd8e39bffd9c9fffbcdfdfb19d489ec3db2cf', '172.30.0.16', 1470521424, 0x5f5f63695f6c6173745f726567656e65726174657c693a313437303532313431373b),
('5d2db540998d0ba62e72019b318b6b90099d65cb', '141.8.142.6', 1470523464, 0x5f5f63695f6c6173745f726567656e65726174657c693a313437303532333436343b),
('cfc4bcced8697507270b23eca8823fb12358808c', '14.120.134.33', 1470524963, 0x5f5f63695f6c6173745f726567656e65726174657c693a313437303532343935353b),
('e3e1804a1a76dfeb2f088e2857286e93fe17f7cb', '220.181.108.178', 1470529268, 0x5f5f63695f6c6173745f726567656e65726174657c693a313437303532393236383b),
('67973817a9f7ab9853db7e9713428bdef7ed7291', '207.46.13.37', 1470529982, 0x5f5f63695f6c6173745f726567656e65726174657c693a313437303532393938323b),
('9f63b3b46804018d4ab3dea4857d9ac7e498d785', '107.167.106.189', 1470533105, 0x5f5f63695f6c6173745f726567656e65726174657c693a313437303533333039353b),
('828fb7534c11f5d92d9ca37aee48d0e947af4120', '178.255.215.87', 1470549523, 0x5f5f63695f6c6173745f726567656e65726174657c693a313437303534393532333b),
('edfa78e033169e13f9867c02f75be2660df176cd', '168.235.206.64', 1470555204, 0x5f5f63695f6c6173745f726567656e65726174657c693a313437303535353230343b),
('c1b9a5010b882113aecbb8372432e8400917dbc2', '183.82.208.218', 1470559855, 0x5f5f63695f6c6173745f726567656e65726174657c693a313437303535393834343b),
('5e887fbdd7a0b095d973399dfc5fa4d87af49d97', '122.177.196.35', 1470560763, 0x5f5f63695f6c6173745f726567656e65726174657c693a313437303536303532393b),
('82eff32f2fb10d8b951bd65b7c47e27ee549bbae', '49.207.137.0', 1470562242, 0x5f5f63695f6c6173745f726567656e65726174657c693a313437303536323234323b),
('f79f555e6fe047d86a891213006ae565d667560e', '66.249.64.161', 1470565161, 0x5f5f63695f6c6173745f726567656e65726174657c693a313437303536353136313b),
('02e3d7315b3430e63ca69704b674a233786003e5', '122.176.9.238', 1470568731, 0x5f5f63695f6c6173745f726567656e65726174657c693a313437303536383732373b),
('9c041279df30530ce36c87583c58f123103732f1', '172.30.0.10', 1470569475, 0x5f5f63695f6c6173745f726567656e65726174657c693a313437303536393434323b),
('d825b5c683e187ebf0379f111a2f29e763a3e6c1', '103.235.198.51', 1470574455, 0x5f5f63695f6c6173745f726567656e65726174657c693a313437303537343435353b),
('e0eff204ab7cad4a429e9d80794c3b5e8118dc98', '103.12.116.69', 1470574596, 0x5f5f63695f6c6173745f726567656e65726174657c693a313437303537343534313b),
('97b0f0589664151192e9f0c60106e5a80af3c7a4', '49.15.131.184', 1470576606, 0x5f5f63695f6c6173745f726567656e65726174657c693a313437303537363630363b),
('2808d8a42586a8c9fc42113f5f64ad759b728ea8', '40.77.167.4', 1470577865, 0x5f5f63695f6c6173745f726567656e65726174657c693a313437303537373836353b),
('191b3198dbe062fa28d9db1af71d07dfc1a54732', '175.101.99.27', 1470578813, 0x5f5f63695f6c6173745f726567656e65726174657c693a313437303537383739323b),
('89269f8ec11bcc2283549c67af62e5f43195d041', '122.167.12.171', 1470579543, 0x5f5f63695f6c6173745f726567656e65726174657c693a313437303537393534333b),
('94e96ec5e5f58a3ac53b192991e2d052b2df298e', '157.55.39.154', 1470580193, 0x5f5f63695f6c6173745f726567656e65726174657c693a313437303538303139333b),
('55ca9b6113cb0d45886d689b2d2ede2c026082d2', '8.37.230.235', 1470581346, 0x5f5f63695f6c6173745f726567656e65726174657c693a313437303538313334353b),
('85f2d11cc82d6dda620f3cb76d605b38daa57652', '8.37.230.235', 1470581352, 0x5f5f63695f6c6173745f726567656e65726174657c693a313437303538313335323b),
('7ea27ee468e992169f2e83676f4adc2566c8fc58', '164.132.161.94', 1470581404, 0x5f5f63695f6c6173745f726567656e65726174657c693a313437303538313430343b),
('b8d71b1547e0dafff6ab6de9be5a5fef8fb09635', '47.29.178.225', 1470582199, 0x5f5f63695f6c6173745f726567656e65726174657c693a313437303538323139343b),
('ac741fe74accab91bb1ddc5abad47f0d73007f92', '47.29.178.225', 1470582921, 0x5f5f63695f6c6173745f726567656e65726174657c693a313437303538323931303b),
('2396d87ae06bf17ceb60e5b8b3766aa6c375dfef', '104.36.84.233', 1470586602, 0x5f5f63695f6c6173745f726567656e65726174657c693a313437303538363630323b),
('3b722ea4863c5048c03850386cbdb864c991f428', '168.235.207.244', 1470588653, 0x5f5f63695f6c6173745f726567656e65726174657c693a313437303538383633323b),
('7482cac048a07e85d340377946497f376e56b6fd', '123.201.83.114', 1470592355, 0x5f5f63695f6c6173745f726567656e65726174657c693a313437303539323335353b),
('48522088e0a87c5c187073ed7cf5e23dbe164ce5', '168.235.206.239', 1470596945, 0x5f5f63695f6c6173745f726567656e65726174657c693a313437303539363931373b),
('1698b929a34c4776fe87683767474894961f3b7a', '122.176.9.238', 1470598293, 0x73746570315f646174617c613a31313a7b733a343a226e616d65223b733a31323a224e49646869204d756e647261223b733a363a22726f6c6c6e6f223b733a383a225547313037313330223b733a31313a22636f757273655f74797065223b733a383a22422e20546563682e223b733a353a226261746368223b733a343a2232303130223b733a363a226272616e6368223b733a33303a22436f6d707574657220536369656e6365202620456e67696e656572696e67223b733a373a22636f756e747279223b733a353a22496e646961223b733a373a22636f6e74616374223b733a31303a2237373338303031393238223b733a353a22656d61696c223b733a32343a226e696468692e6d756e647261303540676d61696c2e636f6d223b733a373a2261646472657373223b733a36343a22426c6f636b204e6f2e202d203131312c20566d6f636b20496e632c20536563746f722d34342c2047757267616f6e2c2048617279616e61202d20313232303033223b733a393a22697061646472657373223b733a31333a223132322e3137362e392e323338223b733a393a22757365726167656e74223b733a3132313a224d6f7a696c6c612f352e3020284d6163696e746f73683b20496e74656c204d6163204f5320582031305f31305f3529204170706c655765624b69742f3533372e333620284b48544d4c2c206c696b65204765636b6f29204368726f6d652f35312e302e323730342e313033205361666172692f3533372e3336223b7d5f5f63695f6c6173745f726567656e65726174657c693a313437303539383039353b73656c65637465645f736372697074737c613a393a7b733a31313a227472616e73637269707473223b733a323a223130223b733a31323a226465677265655f6365727469223b4e3b733a31353a22636f6e5f67726164655f7368656574223b733a313a2231223b733a31353a2273656d5f67726164655f7368656574223b4e3b733a333a2273656d223b613a383a7b693a313b4e3b693a323b4e3b693a333b4e3b693a343b4e3b693a353b4e3b693a363b4e3b693a373b4e3b693a383b4e3b7d733a31343a22626f6e61666964655f6365727469223b4e3b733a32313a226d656469756d5f6f665f696e737472756374696f6e223b4e3b733a31303a22636f6e76657273696f6e223b4e3b733a31313a2274636d6967726174696f6e223b733a313a2230223b7d73656d5f6c6973747c733a303a22223b7265717565737465645f73657276696365737c613a323a7b693a303b733a323a223135223b693a313b733a323a223235223b7d726571756573745f636f73745f61727261797c613a343a7b733a31393a225472616e73637269707473202d313053657473223b733a343a2231303030223b733a33353a22436f6e736f6c696461746564204772616465205368656574732d4475706c6963617465223b693a303b733a32383a2254432026616d703b204d6967726174696f6e20436572746963617465223b693a303b733a31343a22506f7374616c2043686172676573223b693a303b7d636f737461727261797c613a31303a7b733a31323a227472616e7363726970747335223b693a303b733a31333a227472616e736372697074733130223b693a303b733a31323a226465677265655f6365727469223b693a303b733a31353a22636f6e5f67726164655f7368656574223b693a303b733a31353a2273656d5f67726164655f7368656574223b693a303b733a31343a22626f6e61666964655f6365727469223b693a303b733a32313a226d656469756d5f6f665f696e737472756374696f6e223b693a303b733a31303a22636f6e76657273696f6e223b693a303b733a31313a2274636d6967726174696f6e223b733a313a2230223b733a31313a227472616e73637269707473223b733a343a2231303030223b7d70726963657c643a313030303b636865636b6564436f73747c733a343a2274727565223b7265715f69647c733a31363a2255473130373133303433323931303837223b696e666f7c733a34363a2255706c6f6164207375636365737320666f722070726f766973696f6e616c5f63657274696669636174652e706466223b5f5f63695f766172737c613a323a7b733a343a22696e666f223b733a333a226f6c64223b733a373a2273756363657373223b733a333a226e6577223b7d75706c6f6164446174617c613a323a7b733a31343a227365636f6e646172795f74797065223b733a313a2231223b733a343a22646f6331223b733a32373a2270726f766973696f6e616c5f63657274696669636174652e706466223b7d737563636573737c733a3131343a225472616e73616374696f6e207375636365737366756c2120596f7572207472616e73616374696f6e2f72657175657374206964206973205547313037313330343332393130383720506c6561736520636865636b20796f757220656d61696c2049442070726f766964656420746f20757321223b),
('03061361f0d08cb8d0902b21b333d92bd593244a', '66.220.146.31', 1470597837, 0x5f5f63695f6c6173745f726567656e65726174657c693a313437303539373833373b),
('177d92ae41d3d5a74635129f64987132ee5eac42', '117.206.203.145', 1470597882, 0x5f5f63695f6c6173745f726567656e65726174657c693a313437303539373838323b),
('6f914edc0c7dde6842374d442293d23dae51b787', '141.8.142.6', 1470598757, 0x5f5f63695f6c6173745f726567656e65726174657c693a313437303539383735373b),
('8810376624a7444e85ac4260bba5fa0242e0f24f', '40.77.167.4', 1470603700, 0x5f5f63695f6c6173745f726567656e65726174657c693a313437303630333730303b),
('a2cbf8495260400a13dbd6ee15fe54c8826bb200', '141.8.142.6', 1470607154, 0x5f5f63695f6c6173745f726567656e65726174657c693a313437303630373135343b),
('504d2414ed61e2e519b5c02dff13ef3bcc4901aa', '157.55.39.191', 1470608273, 0x5f5f63695f6c6173745f726567656e65726174657c693a313437303630383237333b),
('f60764f5fad8369c501079918aabc9f6d03ff570', '157.55.39.222', 1470613326, 0x5f5f63695f6c6173745f726567656e65726174657c693a313437303631333332363b),
('37f166c6b6ac40d73251ba2e1a4f26dfe195e16c', '157.55.39.222', 1470614960, 0x5f5f63695f6c6173745f726567656e65726174657c693a313437303631343936303b),
('d0c8a6a478dcf5bd2f546401498cd3a018763c66', '40.77.167.4', 1470615861, 0x5f5f63695f6c6173745f726567656e65726174657c693a313437303631353836313b),
('83164e7e61a4a145d0f3ad88c556ed9e28d3583a', '172.30.0.8', 1470625392, 0x5f5f63695f6c6173745f726567656e65726174657c693a313437303632353339323b),
('ec697e332e39321a26e058fec690f23881c17d8b', '122.176.9.238', 1470625541, 0x5f5f63695f6c6173745f726567656e65726174657c693a313437303632353530303b),
('8669e5b3b4b99b60522bb8231608e7b9d434aa0e', '141.8.142.6', 1470628932, 0x5f5f63695f6c6173745f726567656e65726174657c693a313437303632383933323b),
('9197eadb30dd27feb1ba90ae7a82d4d44f23e0f7', '111.93.61.138', 1470629748, 0x5f5f63695f6c6173745f726567656e65726174657c693a313437303632393734383b),
('c4b71a2a50f98bc1d718d29a193edc5e7df90657', '180.179.142.40', 1470632263, 0x5f5f63695f6c6173745f726567656e65726174657c693a313437303633323233323b),
('733f5a5f6a3b4b1916633e6f5f0a03ef1ecb3a88', '64.233.173.214', 1470634055, 0x5f5f63695f6c6173745f726567656e65726174657c693a313437303633343035353b),
('ae7878d44ae022261603f263109a9af9a0474cec', '182.75.34.186', 1470636956, 0x5f5f63695f6c6173745f726567656e65726174657c693a313437303633363730393b),
('024434f1b9363a4918ceb370859f60e7c3a0a0b4', '117.202.61.180', 1470639051, 0x5f5f63695f6c6173745f726567656e65726174657c693a313437303633393032353b6d6573736167657c733a32323a223c703e496e636f7272656374204c6f67696e3c2f703e223b5f5f63695f766172737c613a313a7b733a373a226d657373616765223b733a333a226f6c64223b7d),
('c1283984ffec8f81e9504718a7e39adaa21279b9', '202.53.85.2', 1470639648, 0x5f5f63695f6c6173745f726567656e65726174657c693a313437303633393634383b),
('93db8ac7eeac8bcdfb4a7923560c74056049b6b5', '66.249.66.186', 1470644698, 0x5f5f63695f6c6173745f726567656e65726174657c693a313437303634343639383b),
('16bc030e6e5594d9c8152bf3e6e24e33c11df5bf', '117.239.121.69', 1470645606, 0x5f5f63695f6c6173745f726567656e65726174657c693a313437303634353630363b),
('87a01d819d78376eb6febcf25854ff6b8c217baa', '172.30.0.10', 1470646421, 0x5f5f63695f6c6173745f726567656e65726174657c693a313437303634363239393b),
('c81be0689d9c01a06f624784160b5acbff240ce2', '8.37.232.215', 1470646741, 0x5f5f63695f6c6173745f726567656e65726174657c693a313437303634363734313b),
('068f835942f5c00ad658d71a32d482cb8794656f', '117.211.103.155', 1470650360, 0x5f5f63695f6c6173745f726567656e65726174657c693a313437303635303336303b),
('f862042feadd6835320f7e82c4a4f584b8abb63f', '193.140.168.108', 1470650777, 0x5f5f63695f6c6173745f726567656e65726174657c693a313437303635303737373b),
('b985c11663222e436b9b66667ec230da999d99fb', '64.233.173.210', 1470652300, 0x5f5f63695f6c6173745f726567656e65726174657c693a313437303635323330303b),
('fe9e5a5b127764b69896c338eb4f0fe571471e3f', '64.233.173.206', 1470652300, 0x5f5f63695f6c6173745f726567656e65726174657c693a313437303635323330303b),
('b4f82ecebf5ee4623e85c6657327b5ca07f99f5d', '64.233.173.210', 1470652300, 0x5f5f63695f6c6173745f726567656e65726174657c693a313437303635323330303b),
('bce08d880112694be6d3d5d5b23875c9620c86ad', '64.233.173.206', 1470652300, 0x5f5f63695f6c6173745f726567656e65726174657c693a313437303635323330303b),
('be6f8512ca524c07a3a21969161095b2f7ea9fbd', '64.233.173.210', 1470652309, 0x5f5f63695f6c6173745f726567656e65726174657c693a313437303635323330393b),
('46214a34c789c135d0e72e38511567f86ac8a5e9', '64.233.173.214', 1470652309, 0x5f5f63695f6c6173745f726567656e65726174657c693a313437303635323330393b),
('811fd0c81cbb825c7fce14a8ebc325a1cacb3ab5', '64.233.173.210', 1470652309, 0x5f5f63695f6c6173745f726567656e65726174657c693a313437303635323330393b),
('ff91f89f8b7031a37d9de8c457a5cd102e52292f', '64.233.173.214', 1470652309, 0x5f5f63695f6c6173745f726567656e65726174657c693a313437303635323330393b),
('b253ff95345be170365a03a7fa16524d31d66efd', '64.233.173.214', 1470652402, 0x5f5f63695f6c6173745f726567656e65726174657c693a313437303635323430323b),
('ac44bd50ea1fdeaee60f04bde3bced2a1c7c917e', '64.233.173.214', 1470652402, 0x5f5f63695f6c6173745f726567656e65726174657c693a313437303635323430323b),
('18b1e19487f0a3177f7f55a4c41a8e9cf2c8d000', '64.233.173.206', 1470652402, 0x5f5f63695f6c6173745f726567656e65726174657c693a313437303635323430323b),
('5019e0cb9e591ef3211cd3cf6f32cf56197603cc', '64.233.173.206', 1470652402, 0x5f5f63695f6c6173745f726567656e65726174657c693a313437303635323430323b),
('86fa1a3bca9927bc7e7498b44849a3038f013732', '72.163.217.104', 1470652864, 0x5f5f63695f6c6173745f726567656e65726174657c693a313437303635323830373b),
('633625ac169194d9352e55493a3a5945fe422619', '141.8.142.6', 1470652912, 0x5f5f63695f6c6173745f726567656e65726174657c693a313437303635323931323b),
('ebf04d650eb7a62a5fcbed322eb6c536e0c5402c', '72.163.217.104', 1470653447, 0x73746570315f646174617c613a31313a7b733a343a226e616d65223b733a31303a2253617572617620446173223b733a363a22726f6c6c6e6f223b733a363a22313237353231223b733a31313a22636f757273655f74797065223b733a363a224d2e54656368223b733a353a226261746368223b733a343a2232303134223b733a363a226272616e6368223b733a33303a22436f6d707574657220536369656e6365202620456e67696e656572696e67223b733a373a22636f756e747279223b733a353a22496e646961223b733a373a22636f6e74616374223b733a31303a2239373339323133323135223b733a353a22656d61696c223b733a32323a227361757261762e646173333740676d61696c2e636f6d223b733a373a2261646472657373223b733a3132323a225372692056656e6b617465736877617261204e696c6179612c200d0a4e6f2e2038382f31412c204d756e697265646479204c61796f75742c20326e642043726f73732c2050616e61746875720d0a50616e6174687572204d61696e20526f61642c0d0a42616e67616c6f72652045617374202d20353630313033223b733a393a22697061646472657373223b733a31343a2237322e3136332e3231372e313034223b733a393a22757365726167656e74223b733a3132313a224d6f7a696c6c612f352e3020284d6163696e746f73683b20496e74656c204d6163204f5320582031305f31305f3529204170706c655765624b69742f3533372e333620284b48544d4c2c206c696b65204765636b6f29204368726f6d652f35312e302e323730342e313033205361666172692f3533372e3336223b7d5f5f63695f6c6173745f726567656e65726174657c693a313437303635333231333b73656c65637465645f736372697074737c613a393a7b733a31313a227472616e73637269707473223b733a323a223130223b733a31323a226465677265655f6365727469223b733a313a2231223b733a31353a22636f6e5f67726164655f7368656574223b733a313a2231223b733a31353a2273656d5f67726164655f7368656574223b4e3b733a333a2273656d223b613a383a7b693a313b4e3b693a323b4e3b693a333b4e3b693a343b4e3b693a353b4e3b693a363b4e3b693a373b4e3b693a383b4e3b7d733a31343a22626f6e61666964655f6365727469223b4e3b733a32313a226d656469756d5f6f665f696e737472756374696f6e223b4e3b733a31303a22636f6e76657273696f6e223b4e3b733a31313a2274636d6967726174696f6e223b733a313a2230223b7d73656d5f6c6973747c733a303a22223b7265717565737465645f73657276696365737c613a333a7b693a303b733a323a223135223b693a313b733a313a2235223b693a323b733a323a223235223b7d726571756573745f636f73745f61727261797c613a353a7b733a31393a225472616e73637269707473202d313053657473223b733a343a2231303030223b733a33353a22436f6e736f6c696461746564204772616465205368656574732d4475706c6963617465223b693a303b733a33313a224465677265652043657274696669636174657320284475706c696361746529223b733a343a2234303030223b733a32383a2254432026616d703b204d6967726174696f6e20436572746963617465223b693a303b733a31343a22506f7374616c2043686172676573223b693a303b7d636f737461727261797c613a31303a7b733a31323a227472616e7363726970747335223b693a303b733a31333a227472616e736372697074733130223b693a303b733a31323a226465677265655f6365727469223b733a343a2234303030223b733a31353a22636f6e5f67726164655f7368656574223b693a303b733a31353a2273656d5f67726164655f7368656574223b693a303b733a31343a22626f6e61666964655f6365727469223b693a303b733a32313a226d656469756d5f6f665f696e737472756374696f6e223b693a303b733a31303a22636f6e76657273696f6e223b693a303b733a31313a2274636d6967726174696f6e223b733a313a2230223b733a31313a227472616e73637269707473223b733a343a2231303030223b7d70726963657c643a353030303b636865636b6564436f73747c733a343a2274727565223b),
('47ff1ef25ed0aa388e46d267eba99287a0b06739', '8.37.233.157', 1470654237, 0x5f5f63695f6c6173745f726567656e65726174657c693a313437303635343233373b),
('b95c002c2df42ab21ee80c055663f73b25cefd51', '182.58.253.72', 1470655850, 0x5f5f63695f6c6173745f726567656e65726174657c693a313437303635353832343b),
('ae9958d621c091ce0920451e9d209b25cfd4cdac', '92.96.43.119', 1470656056, 0x5f5f63695f6c6173745f726567656e65726174657c693a313437303635363035363b),
('99e413ba26424357d826ed3d12529dc29ad04f39', '107.167.107.191', 1470661634, 0x5f5f63695f6c6173745f726567656e65726174657c693a313437303636313633343b),
('328efae7438b119653acad91783a699d6f825673', '148.177.129.213', 1470662816, 0x5f5f63695f6c6173745f726567656e65726174657c693a313437303636323831363b),
('8b61ef10529a9ba053ea0311a2a4b05620bb463f', '148.177.129.213', 1470662867, 0x5f5f63695f6c6173745f726567656e65726174657c693a313437303636323831373b),
('729d3073d7c7687adc35656f17fc0229c4684803', '49.156.159.25', 1470663284, 0x5f5f63695f6c6173745f726567656e65726174657c693a313437303636323939393b),
('7294d280aec037b085cdd9f243fd25f6da143f66', '49.156.159.25', 1470663305, 0x5f5f63695f6c6173745f726567656e65726174657c693a313437303636333330303b);
INSERT INTO `ci_sessions` (`id`, `ip_address`, `timestamp`, `data`) VALUES
('9c2d5c9bed9604a3e6d67ff602da455034abea77', '148.177.129.211', 1470664147, 0x5f5f63695f6c6173745f726567656e65726174657c693a313437303636343134373b),
('52f0a209f35136fb53b6ddfa426c736a428ca364', '148.177.129.211', 1470664147, 0x5f5f63695f6c6173745f726567656e65726174657c693a313437303636343134373b),
('ec6afa2fba892aadb7e9adaac9404f9dff231373', '148.177.129.211', 1470664147, 0x5f5f63695f6c6173745f726567656e65726174657c693a313437303636343134373b),
('161306a43f2acd6b4e409ec6e8df9b93e47662d0', '148.177.129.211', 1470664148, 0x5f5f63695f6c6173745f726567656e65726174657c693a313437303636343134373b),
('7dca79f49358c230aa07cc5bfe03d8a12afe4efe', '148.177.129.213', 1470664178, 0x5f5f63695f6c6173745f726567656e65726174657c693a313437303636343137383b),
('73b003712588df1a05b2dcf26babd41f950d2c2e', '8.37.235.25', 1470666327, 0x5f5f63695f6c6173745f726567656e65726174657c693a313437303636363332373b),
('dd2905b38da174b20618dcd9cb9dc9b12fe3d378', '8.37.235.25', 1470666339, 0x5f5f63695f6c6173745f726567656e65726174657c693a313437303636363333383b),
('23e92f970445842398c9e294cbd42b42623672b3', '183.82.205.71', 1470669909, 0x5f5f63695f6c6173745f726567656e65726174657c693a313437303636393837303b),
('9b21c3419f4a6e0843f2a101aa6bb28513b85c23', '40.77.167.4', 1470672166, 0x5f5f63695f6c6173745f726567656e65726174657c693a313437303637323136363b),
('8d26ba0dc5c64ebb9baa3f6bca299342623ac4e0', '66.249.66.149', 1470674219, 0x5f5f63695f6c6173745f726567656e65726174657c693a313437303637343231393b),
('d1e26ce50e8619362ddd4c33c94169683da09ba9', '175.101.93.34', 1470674242, 0x5f5f63695f6c6173745f726567656e65726174657c693a313437303637343232373b),
('8bb207549bda5bc05babf3c67a74f95035954bc1', '49.32.33.199', 1470675742, 0x5f5f63695f6c6173745f726567656e65726174657c693a313437303637353734323b),
('13bf6e3f315dc83e22be2f5b82f79794bb740e46', '111.119.216.22', 1470676255, 0x5f5f63695f6c6173745f726567656e65726174657c693a313437303637363235353b),
('a187c7bbc340d4be30d15ded4573bdc5d593c333', '111.119.216.22', 1470676712, 0x5f5f63695f6c6173745f726567656e65726174657c693a313437303637363731323b),
('5958f42aef7f85421df8b9937946224c04fde1c7', '64.233.173.210', 1470677926, 0x5f5f63695f6c6173745f726567656e65726174657c693a313437303637373932363b),
('9debe9cf7873e2137ce77b0fac027fd3e43e540e', '14.194.106.109', 1470678694, 0x5f5f63695f6c6173745f726567656e65726174657c693a313437303637383437343b),
('2724ab07538953a5ada366bed2ffda5ecd7b95d3', '157.55.39.154', 1470687082, 0x5f5f63695f6c6173745f726567656e65726174657c693a313437303638373038323b),
('2ec17442319178078e9546d7577003358294a63e', '49.206.218.58', 1470690386, 0x5f5f63695f6c6173745f726567656e65726174657c693a313437303639303330393b),
('2b309a399804aa1955dae1292aec6b70dfb2ec8d', '149.202.97.19', 1470701164, 0x5f5f63695f6c6173745f726567656e65726174657c693a313437303730313136343b),
('31e0c0f448ce0fb0b81c84bd24455837b733595a', '220.181.108.123', 1470707975, 0x5f5f63695f6c6173745f726567656e65726174657c693a313437303730373937353b),
('88efdfd1223da08a499ea197eb2b00d7decd4605', '106.187.44.93', 1470708492, 0x5f5f63695f6c6173745f726567656e65726174657c693a313437303730383338333b),
('1013493d9ffbc1fe321dc1a8eced65b7f972fc3a', '141.219.177.134', 1470710007, 0x5f5f63695f6c6173745f726567656e65726174657c693a313437303731303030333b),
('325062edc95479c2a2757a004de312dde3e7132d', '46.161.9.11', 1470712992, 0x5f5f63695f6c6173745f726567656e65726174657c693a313437303731323939323b),
('9199358a09f5f66f27313a5c6fedf6a359de9c43', '157.55.39.154', 1470714242, 0x5f5f63695f6c6173745f726567656e65726174657c693a313437303731343234323b),
('bc3246b50306cbb1c43833f6869a88e48004b730', '109.65.143.176', 1470715811, 0x5f5f63695f6c6173745f726567656e65726174657c693a313437303731353831313b),
('2c31c2c0bbd7819c3488b6a0f1fbdf9d26302621', '202.3.120.4', 1470718767, 0x5f5f63695f6c6173745f726567656e65726174657c693a313437303731383636353b),
('dd42ed10e6d15803b5d4f66c851db29a5cc9d6a3', '202.3.120.4', 1470719103, 0x73746570315f646174617c613a31313a7b733a343a226e616d65223b733a31353a224142495348204b555249414b4f5345223b733a363a22726f6c6c6e6f223b733a353a223837303031223b733a31313a22636f757273655f74797065223b733a363a224d2e54656368223b733a353a226261746368223b733a343a2232303130223b733a363a226272616e6368223b733a33303a22436f6d707574657220536369656e6365202620456e67696e656572696e67223b733a373a22636f756e747279223b733a353a22496e646961223b733a373a22636f6e74616374223b733a31303a2239353335323034393938223b733a353a22656d61696c223b733a32303a2261626973686b6d34373940676d61696c2e636f6d223b733a373a2261646472657373223b733a3131313a224e455441505020494e44494120505654204c54440d0a464149522057494e445320424c4f434b0d0a45474c20534f465457415245205041524b0d0a4f464620494e5445524d4544494154452052494e472052440d0a444f4d4c55520d0a42414e47414c4f5245202d20353630303731223b733a393a22697061646472657373223b733a31313a223230322e332e3132302e34223b733a393a22757365726167656e74223b733a3131363a224d6f7a696c6c612f352e3020284d6163696e746f73683b20496e74656c204d6163204f5320582031305f395f3529204170706c655765624b69742f3630312e372e3720284b48544d4c2c206c696b65204765636b6f292056657273696f6e2f392e312e32205361666172692f3533372e38362e37223b7d5f5f63695f6c6173745f726567656e65726174657c693a313437303731393035343b73656c65637465645f736372697074737c613a393a7b733a31313a227472616e73637269707473223b733a323a223130223b733a31323a226465677265655f6365727469223b4e3b733a31353a22636f6e5f67726164655f7368656574223b4e3b733a31353a2273656d5f67726164655f7368656574223b4e3b733a333a2273656d223b613a383a7b693a313b4e3b693a323b4e3b693a333b4e3b693a343b4e3b693a353b4e3b693a363b4e3b693a373b4e3b693a383b4e3b7d733a31343a22626f6e61666964655f6365727469223b4e3b733a32313a226d656469756d5f6f665f696e737472756374696f6e223b4e3b733a31303a22636f6e76657273696f6e223b4e3b733a31313a2274636d6967726174696f6e223b4e3b7d73656d5f6c6973747c733a303a22223b7265717565737465645f73657276696365737c613a313a7b693a303b733a323a223135223b7d726571756573745f636f73745f61727261797c613a323a7b733a31393a225472616e73637269707473202d313053657473223b733a343a2231303030223b733a31343a22506f7374616c2043686172676573223b693a303b7d636f737461727261797c613a31303a7b733a31323a227472616e7363726970747335223b693a303b733a31333a227472616e736372697074733130223b693a303b733a31323a226465677265655f6365727469223b693a303b733a31353a22636f6e5f67726164655f7368656574223b693a303b733a31353a2273656d5f67726164655f7368656574223b693a303b733a31343a22626f6e61666964655f6365727469223b693a303b733a32313a226d656469756d5f6f665f696e737472756374696f6e223b693a303b733a31303a22636f6e76657273696f6e223b693a303b733a31313a2274636d6967726174696f6e223b693a303b733a31313a227472616e73637269707473223b733a343a2231303030223b7d70726963657c643a313030303b636865636b6564436f73747c733a343a2274727565223b7265715f69647c733a31363a2238373030313639313234333032333738223b696e666f7c733a33343a2255706c6f6164207375636365737320666f722063657274696669636174652e706466223b5f5f63695f766172737c613a313a7b733a343a22696e666f223b733a333a226e6577223b7d75706c6f6164446174617c613a323a7b733a31343a227365636f6e646172795f74797065223b733a313a2233223b733a343a22646f6331223b733a31353a2263657274696669636174652e706466223b7d),
('5429018608e38034cb422a0b0aca30add99c19fa', '202.3.120.4', 1470719900, 0x73746570315f646174617c613a31313a7b733a343a226e616d65223b733a31353a224142495348204b555249414b4f5345223b733a363a22726f6c6c6e6f223b733a353a223837303031223b733a31313a22636f757273655f74797065223b733a363a224d2e54656368223b733a353a226261746368223b733a343a2232303130223b733a363a226272616e6368223b733a33303a22436f6d707574657220536369656e6365202620456e67696e656572696e67223b733a373a22636f756e747279223b733a353a22496e646961223b733a373a22636f6e74616374223b733a31303a2239353335323034393938223b733a353a22656d61696c223b733a32303a2261626973686b6d34373940676d61696c2e636f6d223b733a373a2261646472657373223b733a3131313a224e455441505020494e44494120505654204c54440d0a464149522057494e445320424c4f434b0d0a45474c20534f465457415245205041524b0d0a4f464620494e5445524d4544494154452052494e472052440d0a444f4d4c55520d0a42414e47414c4f5245202d20353630303731223b733a393a22697061646472657373223b733a31313a223230322e332e3132302e34223b733a393a22757365726167656e74223b733a3131363a224d6f7a696c6c612f352e3020284d6163696e746f73683b20496e74656c204d6163204f5320582031305f395f3529204170706c655765624b69742f3630312e372e3720284b48544d4c2c206c696b65204765636b6f292056657273696f6e2f392e312e32205361666172692f3533372e38362e37223b7d5f5f63695f6c6173745f726567656e65726174657c693a313437303731393831333b73656c65637465645f736372697074737c613a393a7b733a31313a227472616e73637269707473223b733a323a223130223b733a31323a226465677265655f6365727469223b4e3b733a31353a22636f6e5f67726164655f7368656574223b4e3b733a31353a2273656d5f67726164655f7368656574223b4e3b733a333a2273656d223b613a383a7b693a313b4e3b693a323b4e3b693a333b4e3b693a343b4e3b693a353b4e3b693a363b4e3b693a373b4e3b693a383b4e3b7d733a31343a22626f6e61666964655f6365727469223b4e3b733a32313a226d656469756d5f6f665f696e737472756374696f6e223b4e3b733a31303a22636f6e76657273696f6e223b4e3b733a31313a2274636d6967726174696f6e223b733a313a2230223b7d73656d5f6c6973747c733a303a22223b7265717565737465645f73657276696365737c613a323a7b693a303b733a323a223135223b693a313b733a323a223235223b7d726571756573745f636f73745f61727261797c613a333a7b733a31393a225472616e73637269707473202d313053657473223b733a343a2231303030223b733a32383a2254432026616d703b204d6967726174696f6e20436572746963617465223b693a303b733a31343a22506f7374616c2043686172676573223b693a303b7d636f737461727261797c613a31303a7b733a31323a227472616e7363726970747335223b693a303b733a31333a227472616e736372697074733130223b693a303b733a31323a226465677265655f6365727469223b693a303b733a31353a22636f6e5f67726164655f7368656574223b693a303b733a31353a2273656d5f67726164655f7368656574223b693a303b733a31343a22626f6e61666964655f6365727469223b693a303b733a32313a226d656469756d5f6f665f696e737472756374696f6e223b693a303b733a31303a22636f6e76657273696f6e223b693a303b733a31313a2274636d6967726174696f6e223b733a313a2230223b733a31313a227472616e73637269707473223b733a343a2231303030223b7d70726963657c643a313030303b636865636b6564436f73747c733a343a2274727565223b7265715f69647c733a31363a2238373030313931353632373438383030223b696e666f7c733a33343a2255706c6f6164207375636365737320666f722063657274696669636174652e706466223b5f5f63695f766172737c613a323a7b733a343a22696e666f223b733a333a226f6c64223b733a373a2273756363657373223b733a333a226e6577223b7d75706c6f6164446174617c613a323a7b733a31343a227365636f6e646172795f74797065223b733a313a2233223b733a343a22646f6331223b733a31353a2263657274696669636174652e706466223b7d737563636573737c733a3131343a225472616e73616374696f6e207375636365737366756c2120596f7572207472616e73616374696f6e2f72657175657374206964206973203837303031393135363237343838303020506c6561736520636865636b20796f757220656d61696c2049442070726f766964656420746f20757321223b),
('96e47191fe0ea46a3ef2d87cf97a40df8d6878e7', '43.241.122.35', 1470719988, 0x5f5f63695f6c6173745f726567656e65726174657c693a313437303731393938333b),
('edadfa54bc1ac2c376d8c0003fe8146f7f633c5d', '64.233.173.210', 1470720129, 0x5f5f63695f6c6173745f726567656e65726174657c693a313437303732303132393b),
('d32aa8c8209a8f90ebe990deadb8d9483276b42e', '64.233.173.214', 1470720129, 0x5f5f63695f6c6173745f726567656e65726174657c693a313437303732303132393b),
('3cc6d79c73a4e9eecf5547ab41b0836de76d192d', '64.233.173.214', 1470720129, 0x5f5f63695f6c6173745f726567656e65726174657c693a313437303732303132393b),
('2e212e9f9bc3f26cf47023adbd8d1a96e981d9e1', '64.233.173.214', 1470720129, 0x5f5f63695f6c6173745f726567656e65726174657c693a313437303732303132393b),
('2322423f40b08c6988fa57efa22a90785c054538', '202.3.120.4', 1470720148, 0x73746570315f646174617c613a31313a7b733a343a226e616d65223b733a31353a224142495348204b555249414b4f5345223b733a363a22726f6c6c6e6f223b733a353a223837303031223b733a31313a22636f757273655f74797065223b733a363a224d2e54656368223b733a353a226261746368223b733a343a2232303130223b733a363a226272616e6368223b733a33303a22436f6d707574657220536369656e6365202620456e67696e656572696e67223b733a373a22636f756e747279223b733a353a22496e646961223b733a373a22636f6e74616374223b733a31303a2239353335323034393938223b733a353a22656d61696c223b733a32303a2261626973686b6d34373940676d61696c2e636f6d223b733a373a2261646472657373223b733a3131313a224e455441505020494e44494120505654204c54440d0a464149522057494e445320424c4f434b0d0a45474c20534f465457415245205041524b0d0a4f464620494e5445524d4544494154452052494e472052440d0a444f4d4c55520d0a42414e47414c4f5245202d20353630303731223b733a393a22697061646472657373223b733a31313a223230322e332e3132302e34223b733a393a22757365726167656e74223b733a3131363a224d6f7a696c6c612f352e3020284d6163696e746f73683b20496e74656c204d6163204f5320582031305f395f3529204170706c655765624b69742f3630312e372e3720284b48544d4c2c206c696b65204765636b6f292056657273696f6e2f392e312e32205361666172692f3533372e38362e37223b7d5f5f63695f6c6173745f726567656e65726174657c693a313437303732303134353b73656c65637465645f736372697074737c613a393a7b733a31313a227472616e73637269707473223b733a323a223130223b733a31323a226465677265655f6365727469223b4e3b733a31353a22636f6e5f67726164655f7368656574223b4e3b733a31353a2273656d5f67726164655f7368656574223b4e3b733a333a2273656d223b613a383a7b693a313b4e3b693a323b4e3b693a333b4e3b693a343b4e3b693a353b4e3b693a363b4e3b693a373b4e3b693a383b4e3b7d733a31343a22626f6e61666964655f6365727469223b4e3b733a32313a226d656469756d5f6f665f696e737472756374696f6e223b4e3b733a31303a22636f6e76657273696f6e223b4e3b733a31313a2274636d6967726174696f6e223b733a313a2230223b7d73656d5f6c6973747c733a303a22223b7265717565737465645f73657276696365737c613a323a7b693a303b733a323a223135223b693a313b733a323a223235223b7d726571756573745f636f73745f61727261797c613a333a7b733a31393a225472616e73637269707473202d313053657473223b733a343a2231303030223b733a32383a2254432026616d703b204d6967726174696f6e20436572746963617465223b693a303b733a31343a22506f7374616c2043686172676573223b693a303b7d636f737461727261797c613a31303a7b733a31323a227472616e7363726970747335223b693a303b733a31333a227472616e736372697074733130223b693a303b733a31323a226465677265655f6365727469223b693a303b733a31353a22636f6e5f67726164655f7368656574223b693a303b733a31353a2273656d5f67726164655f7368656574223b693a303b733a31343a22626f6e61666964655f6365727469223b693a303b733a32313a226d656469756d5f6f665f696e737472756374696f6e223b693a303b733a31303a22636f6e76657273696f6e223b693a303b733a31313a2274636d6967726174696f6e223b733a313a2230223b733a31313a227472616e73637269707473223b733a343a2231303030223b7d70726963657c643a313030303b636865636b6564436f73747c733a343a2274727565223b7265715f69647c733a31363a2238373030313931353632373438383030223b75706c6f6164446174617c613a323a7b733a31343a227365636f6e646172795f74797065223b733a313a2233223b733a343a22646f6331223b733a31353a2263657274696669636174652e706466223b7d),
('f9d1e4092b206b11d14fa6f05a653cb7bf4c98b6', '64.233.173.214', 1470720162, 0x5f5f63695f6c6173745f726567656e65726174657c693a313437303732303136323b),
('084a7b21f695925a09bb06438fb6ca851b3419d8', '64.233.173.214', 1470720162, 0x5f5f63695f6c6173745f726567656e65726174657c693a313437303732303136323b),
('48dfdcbd561d0a5b3b3f7b3cfe3bc1d0fa1ff7a8', '64.233.173.206', 1470720162, 0x5f5f63695f6c6173745f726567656e65726174657c693a313437303732303136323b),
('4f2dbe8f0bb55a34f08a76e36056c6b3070db975', '64.233.173.214', 1470720162, 0x5f5f63695f6c6173745f726567656e65726174657c693a313437303732303136323b),
('9c2166a322b7bc0da041087f695cb758aa80b534', '64.233.173.210', 1470720166, 0x5f5f63695f6c6173745f726567656e65726174657c693a313437303732303136363b),
('e03c0674615d67767d51a47a7707039322f4b93f', '64.233.173.214', 1470720166, 0x5f5f63695f6c6173745f726567656e65726174657c693a313437303732303136363b),
('829a6fb4be6ca35a0e6abacc68e7384010b360c8', '64.233.173.214', 1470720166, 0x5f5f63695f6c6173745f726567656e65726174657c693a313437303732303136363b),
('27f5c71cac131b2368466b352a3294e4eaf3d79f', '64.233.173.206', 1470720166, 0x5f5f63695f6c6173745f726567656e65726174657c693a313437303732303136363b),
('647b5e4bf30cc823cbaed36b3cabcc798f654474', '103.37.201.6', 1470720864, 0x73746570315f646174617c613a31313a7b733a343a226e616d65223b733a31313a224d72696e616c2044656570223b733a363a22726f6c6c6e6f223b733a343a2238363532223b733a31313a22636f757273655f74797065223b733a383a22422e20546563682e223b733a353a226261746368223b733a343a2232303132223b733a363a226272616e6368223b733a32303a224368656d6963616c20456e67696e656572696e67223b733a373a22636f756e747279223b733a353a22496e646961223b733a373a22636f6e74616374223b733a31303a2239363935383632323838223b733a353a22656d61696c223b733a32313a226d72696e616c2e6e69747740676d61696c2e636f6d223b733a373a2261646472657373223b733a36323a22526f6f6d206e6f2041462d32392c20436175746c65792042686177616e2c2049495420526f6f726b65652d3234373636370d0a5574746172616b68616e64223b733a393a22697061646472657373223b733a31323a223130332e33372e3230312e36223b733a393a22757365726167656e74223b733a3131303a224d6f7a696c6c612f352e30202857696e646f7773204e542031302e303b20574f57363429204170706c655765624b69742f3533372e333620284b48544d4c2c206c696b65204765636b6f29204368726f6d652f35312e302e323730342e313033205361666172692f3533372e3336223b7d5f5f63695f6c6173745f726567656e65726174657c693a313437303732303835353b73656c65637465645f736372697074737c613a393a7b733a31313a227472616e73637269707473223b4e3b733a31323a226465677265655f6365727469223b733a313a2230223b733a31353a22636f6e5f67726164655f7368656574223b4e3b733a31353a2273656d5f67726164655f7368656574223b4e3b733a333a2273656d223b613a383a7b693a313b4e3b693a323b4e3b693a333b4e3b693a343b4e3b693a353b4e3b693a363b4e3b693a373b4e3b693a383b4e3b7d733a31343a22626f6e61666964655f6365727469223b4e3b733a32313a226d656469756d5f6f665f696e737472756374696f6e223b4e3b733a31303a22636f6e76657273696f6e223b4e3b733a31313a2274636d6967726174696f6e223b733a313a2230223b7d73656d5f6c6973747c733a303a22223b7265717565737465645f73657276696365737c613a323a7b693a303b733a313a2233223b693a313b733a323a223235223b7d726571756573745f636f73745f61727261797c613a333a7b733a33303a224465677265652043657274696669636174657320284f726967696e616c29223b733a333a22373030223b733a32383a2254432026616d703b204d6967726174696f6e20436572746963617465223b693a303b733a31343a22506f7374616c2043686172676573223b693a303b7d636f737461727261797c613a393a7b733a31323a227472616e7363726970747335223b693a303b733a31333a227472616e736372697074733130223b693a303b733a31323a226465677265655f6365727469223b733a333a22373030223b733a31353a22636f6e5f67726164655f7368656574223b693a303b733a31353a2273656d5f67726164655f7368656574223b693a303b733a31343a22626f6e61666964655f6365727469223b693a303b733a32313a226d656469756d5f6f665f696e737472756374696f6e223b693a303b733a31303a22636f6e76657273696f6e223b693a303b733a31313a2274636d6967726174696f6e223b733a313a2230223b7d70726963657c643a3730303b636865636b6564436f73747c733a343a2274727565223b),
('db6b696cbd9c6126f00c38fac37edd71883f9b3e', '202.3.120.6', 1470721126, 0x5f5f63695f6c6173745f726567656e65726174657c693a313437303732313132363b),
('df6624004d39baee637cb7fb800076877197cb68', '103.37.201.6', 1470721416, 0x73746570315f646174617c613a31313a7b733a343a226e616d65223b733a31313a224d72696e616c2044656570223b733a363a22726f6c6c6e6f223b733a343a2238363532223b733a31313a22636f757273655f74797065223b733a383a22422e20546563682e223b733a353a226261746368223b733a343a2232303132223b733a363a226272616e6368223b733a32303a224368656d6963616c20456e67696e656572696e67223b733a373a22636f756e747279223b733a353a22496e646961223b733a373a22636f6e74616374223b733a31303a2239363935383632323838223b733a353a22656d61696c223b733a32313a226d72696e616c2e6e69747740676d61696c2e636f6d223b733a373a2261646472657373223b733a36323a22526f6f6d206e6f2041462d32392c20436175746c65792042686177616e2c2049495420526f6f726b65652d3234373636370d0a5574746172616b68616e64223b733a393a22697061646472657373223b733a31323a223130332e33372e3230312e36223b733a393a22757365726167656e74223b733a3131303a224d6f7a696c6c612f352e30202857696e646f7773204e542031302e303b20574f57363429204170706c655765624b69742f3533372e333620284b48544d4c2c206c696b65204765636b6f29204368726f6d652f35312e302e323730342e313033205361666172692f3533372e3336223b7d5f5f63695f6c6173745f726567656e65726174657c693a313437303732313135373b73656c65637465645f736372697074737c613a393a7b733a31313a227472616e73637269707473223b4e3b733a31323a226465677265655f6365727469223b733a313a2230223b733a31353a22636f6e5f67726164655f7368656574223b4e3b733a31353a2273656d5f67726164655f7368656574223b4e3b733a333a2273656d223b613a383a7b693a313b4e3b693a323b4e3b693a333b4e3b693a343b4e3b693a353b4e3b693a363b4e3b693a373b4e3b693a383b4e3b7d733a31343a22626f6e61666964655f6365727469223b4e3b733a32313a226d656469756d5f6f665f696e737472756374696f6e223b4e3b733a31303a22636f6e76657273696f6e223b4e3b733a31313a2274636d6967726174696f6e223b733a313a2230223b7d73656d5f6c6973747c733a303a22223b7265717565737465645f73657276696365737c613a323a7b693a303b733a313a2233223b693a313b733a323a223235223b7d726571756573745f636f73745f61727261797c613a333a7b733a33303a224465677265652043657274696669636174657320284f726967696e616c29223b733a333a22373030223b733a32383a2254432026616d703b204d6967726174696f6e20436572746963617465223b693a303b733a31343a22506f7374616c2043686172676573223b693a303b7d636f737461727261797c613a393a7b733a31323a227472616e7363726970747335223b693a303b733a31333a227472616e736372697074733130223b693a303b733a31323a226465677265655f6365727469223b733a333a22373030223b733a31353a22636f6e5f67726164655f7368656574223b693a303b733a31353a2273656d5f67726164655f7368656574223b693a303b733a31343a22626f6e61666964655f6365727469223b693a303b733a32313a226d656469756d5f6f665f696e737472756374696f6e223b693a303b733a31303a22636f6e76657273696f6e223b693a303b733a31313a2274636d6967726174696f6e223b733a313a2230223b7d70726963657c643a3730303b636865636b6564436f73747c733a343a2274727565223b7265715f69647c733a31363a2238363532393634373232333735333538223b75706c6f6164446174617c613a323a7b733a31343a227365636f6e646172795f74797065223b733a313a2231223b733a343a22646f6331223b733a31363a226274656368206465677265652e706466223b7d),
('6b2af2960572e089c168679a3eeaa5aafe4e315c', '43.241.122.35', 1470721326, 0x5f5f63695f6c6173745f726567656e65726174657c693a313437303732313331363b),
('27082c9123859286073188e8c796f1c8d629de4d', '103.37.201.6', 1470721500, 0x73746570315f646174617c613a31313a7b733a343a226e616d65223b733a31313a224d72696e616c2044656570223b733a363a22726f6c6c6e6f223b733a343a2238363532223b733a31313a22636f757273655f74797065223b733a383a22422e20546563682e223b733a353a226261746368223b733a343a2232303132223b733a363a226272616e6368223b733a32303a224368656d6963616c20456e67696e656572696e67223b733a373a22636f756e747279223b733a353a22496e646961223b733a373a22636f6e74616374223b733a31303a2239363935383632323838223b733a353a22656d61696c223b733a32313a226d72696e616c2e6e69747740676d61696c2e636f6d223b733a373a2261646472657373223b733a36323a22526f6f6d206e6f2041462d32392c20436175746c65792042686177616e2c2049495420526f6f726b65652d3234373636370d0a5574746172616b68616e64223b733a393a22697061646472657373223b733a31323a223130332e33372e3230312e36223b733a393a22757365726167656e74223b733a3131303a224d6f7a696c6c612f352e30202857696e646f7773204e542031302e303b20574f57363429204170706c655765624b69742f3533372e333620284b48544d4c2c206c696b65204765636b6f29204368726f6d652f35312e302e323730342e313033205361666172692f3533372e3336223b7d5f5f63695f6c6173745f726567656e65726174657c693a313437303732313439323b73656c65637465645f736372697074737c613a393a7b733a31313a227472616e73637269707473223b4e3b733a31323a226465677265655f6365727469223b733a313a2230223b733a31353a22636f6e5f67726164655f7368656574223b4e3b733a31353a2273656d5f67726164655f7368656574223b4e3b733a333a2273656d223b613a383a7b693a313b4e3b693a323b4e3b693a333b4e3b693a343b4e3b693a353b4e3b693a363b4e3b693a373b4e3b693a383b4e3b7d733a31343a22626f6e61666964655f6365727469223b4e3b733a32313a226d656469756d5f6f665f696e737472756374696f6e223b4e3b733a31303a22636f6e76657273696f6e223b4e3b733a31313a2274636d6967726174696f6e223b733a313a2230223b7d73656d5f6c6973747c733a303a22223b7265717565737465645f73657276696365737c613a323a7b693a303b733a313a2233223b693a313b733a323a223235223b7d726571756573745f636f73745f61727261797c613a333a7b733a33303a224465677265652043657274696669636174657320284f726967696e616c29223b733a333a22373030223b733a32383a2254432026616d703b204d6967726174696f6e20436572746963617465223b693a303b733a31343a22506f7374616c2043686172676573223b693a303b7d636f737461727261797c613a393a7b733a31323a227472616e7363726970747335223b693a303b733a31333a227472616e736372697074733130223b693a303b733a31323a226465677265655f6365727469223b733a333a22373030223b733a31353a22636f6e5f67726164655f7368656574223b693a303b733a31353a2273656d5f67726164655f7368656574223b693a303b733a31343a22626f6e61666964655f6365727469223b693a303b733a32313a226d656469756d5f6f665f696e737472756374696f6e223b693a303b733a31303a22636f6e76657273696f6e223b693a303b733a31313a2274636d6967726174696f6e223b733a313a2230223b7d70726963657c643a3730303b636865636b6564436f73747c733a343a2274727565223b7265715f69647c733a31363a2238363532393634373232333735333538223b75706c6f6164446174617c613a323a7b733a31343a227365636f6e646172795f74797065223b733a313a2231223b733a343a22646f6331223b733a31363a226274656368206465677265652e706466223b7d),
('af6531fdb397476ad9be8dd1d9addbf503b66049', '46.161.9.11', 1470721652, 0x5f5f63695f6c6173745f726567656e65726174657c693a313437303732313635323b),
('fe0d9958e97f5c4314cacd39d98224b1e99d28e7', '115.42.39.10', 1470722767, 0x5f5f63695f6c6173745f726567656e65726174657c693a313437303732323736373b),
('240383aadef188558d8700e358da50821a82f2b5', '141.8.142.6', 1470722818, 0x5f5f63695f6c6173745f726567656e65726174657c693a313437303732323831383b),
('d108f31878e4083d6707a7e60d29b76dbfee45fd', '67.180.222.200', 1470724136, 0x5f5f63695f6c6173745f726567656e65726174657c693a313437303732343132333b),
('9618c8dc0a5e835a5b2d3efa2ab1a3abceb16093', '121.245.78.224', 1470724862, 0x5f5f63695f6c6173745f726567656e65726174657c693a313437303732343836323b),
('0379f2f593ce1f585b52cab34c8e6caaf1cdaff1', '67.180.222.200', 1470725421, 0x5f5f63695f6c6173745f726567656e65726174657c693a313437303732353432313b),
('64781c10a2e3c74a7faffbaa3b9af6844c90dda3', '115.112.83.126', 1470725735, 0x5f5f63695f6c6173745f726567656e65726174657c693a313437303732353631353b),
('f684ebb0848a78e00d5c058417668b64497468e1', '202.62.88.122', 1470727394, 0x5f5f63695f6c6173745f726567656e65726174657c693a313437303732373338393b),
('c434ed7e9964e590af3c3cfa8e00b1f233d8a09c', '148.87.19.194', 1470727402, 0x5f5f63695f6c6173745f726567656e65726174657c693a313437303732373430323b),
('207b2f8dc91178823a4aa9c9e3d0ce4da2cd58d2', '46.161.9.11', 1470727670, 0x5f5f63695f6c6173745f726567656e65726174657c693a313437303732373637303b),
('dc585a04dec6ee8b9e87d5bb4598ac9696a0a3d4', '220.255.100.229', 1470728299, 0x5f5f63695f6c6173745f726567656e65726174657c693a313437303732383139383b),
('bc8a2763ab896d59ff1851c10e8473b35cf3755a', '123.201.57.52', 1470728688, 0x5f5f63695f6c6173745f726567656e65726174657c693a313437303732383638383b),
('a54321edace3e6b334fdf1899b2461474dceeeb6', '204.236.226.210', 1470728758, 0x5f5f63695f6c6173745f726567656e65726174657c693a313437303732383735383b),
('400cb0de261d16aec4d1c3eea0cba3211bc079ae', '220.255.100.229', 1470728906, 0x5f5f63695f6c6173745f726567656e65726174657c693a313437303732383930363b),
('72514526aad08e7b7f984c0183da815551837488', '220.255.100.229', 1470729112, 0x5f5f63695f6c6173745f726567656e65726174657c693a313437303732393131323b),
('90d20ba9e071ea57dcf0b62379685a5f530f50c3', '220.255.100.229', 1470729112, 0x5f5f63695f6c6173745f726567656e65726174657c693a313437303732393131323b),
('cae8a50f5a7c539f7b811f8511785893563a9ff3', '220.255.100.229', 1470729112, 0x5f5f63695f6c6173745f726567656e65726174657c693a313437303732393131323b),
('c6a2516ddd488e0aef545481d3047a9caca24fcc', '220.255.100.229', 1470729168, 0x5f5f63695f6c6173745f726567656e65726174657c693a313437303732393131323b),
('bd66c150d676449c61bcd59a59cd0c96517ff6f0', '220.255.100.229', 1470729154, 0x5f5f63695f6c6173745f726567656e65726174657c693a313437303732393135343b),
('45bfa386ab8cd9255348aac061d4511def71b672', '64.233.173.210', 1470729308, 0x5f5f63695f6c6173745f726567656e65726174657c693a313437303732393330383b),
('278cc66b216aa517fda20988a44f0567ca485b1f', '64.233.173.210', 1470729308, 0x5f5f63695f6c6173745f726567656e65726174657c693a313437303732393330383b),
('654d235d9ae99bb6627ffa1a2cc6336ad829638d', '64.233.173.210', 1470729308, 0x5f5f63695f6c6173745f726567656e65726174657c693a313437303732393330383b),
('00245436c94b7a18b38e0a39de350e0ae62bec29', '64.233.173.206', 1470729308, 0x5f5f63695f6c6173745f726567656e65726174657c693a313437303732393330383b),
('55b6c4acacd0a74f733cda4eca6ae69cf03b02a9', '52.71.155.178', 1470732000, 0x5f5f63695f6c6173745f726567656e65726174657c693a313437303733323030303b),
('c4c43e90f7ec94e958335fc7cb05534a633cde5f', '117.233.231.17', 1470734915, 0x5f5f63695f6c6173745f726567656e65726174657c693a313437303733343931353b),
('da46908c1aefac92e874d7ce222bbcc3ab24439a', '91.109.30.98', 1470735082, 0x5f5f63695f6c6173745f726567656e65726174657c693a313437303733353038323b),
('64d687dbf2a2165f11a51525bc137d189c9fce02', '124.123.208.77', 1470737173, 0x73746570315f646174617c613a31313a7b733a343a226e616d65223b733a31313a22416e757020446173617269223b733a363a22726f6c6c6e6f223b733a363a22313032323134223b733a31313a22636f757273655f74797065223b733a383a22422e20546563682e223b733a353a226261746368223b733a343a2232303130223b733a363a226272616e6368223b733a32323a22456c656374726963616c20456e67696e656572696e67223b733a373a22636f756e747279223b733a353a22496e646961223b733a373a22636f6e74616374223b733a31303a2237353639323931333231223b733a353a22656d61696c223b733a32313a22616e75706461736172693540676d61696c2e636f6d223b733a373a2261646472657373223b733a3131313a224178656c74612053797374656d732c20482e4e6f203a20362d332d3537312f612f31322c0d0a326e6420466c6f6f722c20537568616e6120526f636b64616c652c0d0a536f6d616a69677564612c204b686169726174616261640d0a487964657261626164202d203530303038322e223b733a393a22697061646472657373223b733a31343a223132342e3132332e3230382e3737223b733a393a22757365726167656e74223b733a3130393a224d6f7a696c6c612f352e30202857696e646f7773204e5420362e313b20574f57363429204170706c655765624b69742f3533372e333620284b48544d4c2c206c696b65204765636b6f29204368726f6d652f35312e302e323730342e313033205361666172692f3533372e3336223b7d5f5f63695f6c6173745f726567656e65726174657c693a313437303733373131383b73656c65637465645f736372697074737c613a393a7b733a31313a227472616e73637269707473223b733a323a223130223b733a31323a226465677265655f6365727469223b733a313a2230223b733a31353a22636f6e5f67726164655f7368656574223b733a313a2230223b733a31353a2273656d5f67726164655f7368656574223b4e3b733a333a2273656d223b613a383a7b693a313b4e3b693a323b4e3b693a333b4e3b693a343b4e3b693a353b4e3b693a363b4e3b693a373b4e3b693a383b4e3b7d733a31343a22626f6e61666964655f6365727469223b4e3b733a32313a226d656469756d5f6f665f696e737472756374696f6e223b4e3b733a31303a22636f6e76657273696f6e223b4e3b733a31313a2274636d6967726174696f6e223b733a313a2230223b7d73656d5f6c6973747c733a303a22223b7265717565737465645f73657276696365737c613a333a7b693a303b733a323a223135223b693a313b733a313a2233223b693a323b733a323a223235223b7d726571756573745f636f73745f61727261797c613a353a7b733a31393a225472616e73637269707473202d313053657473223b733a343a2231303030223b733a33343a22436f6e736f6c696461746564204772616465205368656574732d4f726967696e616c223b693a303b733a33303a224465677265652043657274696669636174657320284f726967696e616c29223b733a333a22373030223b733a32383a2254432026616d703b204d6967726174696f6e20436572746963617465223b693a303b733a31343a22506f7374616c2043686172676573223b693a303b7d636f737461727261797c613a31303a7b733a31323a227472616e7363726970747335223b693a303b733a31333a227472616e736372697074733130223b693a303b733a31323a226465677265655f6365727469223b733a333a22373030223b733a31353a22636f6e5f67726164655f7368656574223b693a303b733a31353a2273656d5f67726164655f7368656574223b693a303b733a31343a22626f6e61666964655f6365727469223b693a303b733a32313a226d656469756d5f6f665f696e737472756374696f6e223b693a303b733a31303a22636f6e76657273696f6e223b693a303b733a31313a2274636d6967726174696f6e223b733a313a2230223b733a31313a227472616e73637269707473223b733a343a2231303030223b7d70726963657c643a313730303b636865636b6564436f73747c733a343a2274727565223b),
('204cc71ce356470a2832f2f18bdfa258217e7150', '202.142.79.244', 1470738315, 0x5f5f63695f6c6173745f726567656e65726174657c693a313437303733383331353b64616e6765727c733a31383a22556e6578706563746564206661696c757265223b5f5f63695f766172737c613a313a7b733a363a2264616e676572223b733a333a226e6577223b7d),
('2c12812f326ddc03b6213176495399cb350f937d', '103.37.201.6', 1470740322, 0x5f5f63695f6c6173745f726567656e65726174657c693a313437303734303330333b),
('759f26a72f80a413f7347634e854640a1411b61c', '157.55.39.222', 1470740622, 0x5f5f63695f6c6173745f726567656e65726174657c693a313437303734303632323b),
('fab19345662ee93c2e061bc2fb95e85db926369f', '46.161.9.11', 1470740636, 0x5f5f63695f6c6173745f726567656e65726174657c693a313437303734303633363b),
('48b2f1e853472dd7632a6d442fa21c05717abd5a', '1.39.12.43', 1470740699, 0x5f5f63695f6c6173745f726567656e65726174657c693a313437303734303639393b),
('76d1a38fbd2a9889be3f708aa41d73d73f2953fd', '49.156.159.25', 1470742411, 0x5f5f63695f6c6173745f726567656e65726174657c693a313437303734323338323b),
('77684b38dc38f0927b2545976f231ebc42135bde', '172.20.0.99', 1470742837, 0x5f5f63695f6c6173745f726567656e65726174657c693a313437303734323833373b),
('24e2d5a6f49249a5cd3ae6a759ac28437cbf5136', '202.3.120.6', 1470745587, 0x5f5f63695f6c6173745f726567656e65726174657c693a313437303734353538373b),
('d0b79dbbc493e13fe79b7d1049fb7197796d6108', '182.75.34.186', 1470745955, 0x5f5f63695f6c6173745f726567656e65726174657c693a313437303734353833323b),
('6cedb99b66902a113b616968ec2c0e99ddc3c07d', '124.123.208.77', 1470746549, 0x5f5f63695f6c6173745f726567656e65726174657c693a313437303734363533373b),
('c8002aa88512444de07e8935a61d7525bf9c36f8', '124.123.208.77', 1470746829, 0x73746570315f646174617c613a31313a7b733a343a226e616d65223b733a31313a22416e757020446173617269223b733a363a22726f6c6c6e6f223b733a363a22313032323134223b733a31313a22636f757273655f74797065223b733a383a22422e20546563682e223b733a353a226261746368223b733a343a2232303130223b733a363a226272616e6368223b733a32323a22456c656374726963616c20456e67696e656572696e67223b733a373a22636f756e747279223b733a353a22496e646961223b733a373a22636f6e74616374223b733a31303a2237353639323931333231223b733a353a22656d61696c223b733a32313a22616e75706461736172693540676d61696c2e636f6d223b733a373a2261646472657373223b733a3133303a224178656c74612073797374656d732c482e4e6f203a20362d332d3537312f612f31322c0d0a326e6420466c6f6f722c20537568616e6120526f636b64616c652c0d0a536f6d616a69677564612c204b686169726174616261640d0a487964657261626164202d203530303038322e0d0a54656c616e67616e612e20496e6469610d0a223b733a393a22697061646472657373223b733a31343a223132342e3132332e3230382e3737223b733a393a22757365726167656e74223b733a3130393a224d6f7a696c6c612f352e30202857696e646f7773204e5420362e313b20574f57363429204170706c655765624b69742f3533372e333620284b48544d4c2c206c696b65204765636b6f29204368726f6d652f35312e302e323730342e313033205361666172692f3533372e3336223b7d5f5f63695f6c6173745f726567656e65726174657c693a313437303734363832383b73656c65637465645f736372697074737c613a393a7b733a31313a227472616e73637269707473223b733a323a223130223b733a31323a226465677265655f6365727469223b733a313a2230223b733a31353a22636f6e5f67726164655f7368656574223b733a313a2230223b733a31353a2273656d5f67726164655f7368656574223b4e3b733a333a2273656d223b613a383a7b693a313b4e3b693a323b4e3b693a333b4e3b693a343b4e3b693a353b4e3b693a363b4e3b693a373b4e3b693a383b4e3b7d733a31343a22626f6e61666964655f6365727469223b4e3b733a32313a226d656469756d5f6f665f696e737472756374696f6e223b4e3b733a31303a22636f6e76657273696f6e223b4e3b733a31313a2274636d6967726174696f6e223b733a313a2230223b7d73656d5f6c6973747c733a303a22223b7265717565737465645f73657276696365737c613a333a7b693a303b733a323a223135223b693a313b733a313a2233223b693a323b733a323a223235223b7d726571756573745f636f73745f61727261797c613a353a7b733a31393a225472616e73637269707473202d313053657473223b733a343a2231303030223b733a33343a22436f6e736f6c696461746564204772616465205368656574732d4f726967696e616c223b693a303b733a33303a224465677265652043657274696669636174657320284f726967696e616c29223b733a333a22373030223b733a32383a2254432026616d703b204d6967726174696f6e20436572746963617465223b693a303b733a31343a22506f7374616c2043686172676573223b693a303b7d636f737461727261797c613a31303a7b733a31323a227472616e7363726970747335223b693a303b733a31333a227472616e736372697074733130223b693a303b733a31323a226465677265655f6365727469223b733a333a22373030223b733a31353a22636f6e5f67726164655f7368656574223b693a303b733a31353a2273656d5f67726164655f7368656574223b693a303b733a31343a22626f6e61666964655f6365727469223b693a303b733a32313a226d656469756d5f6f665f696e737472756374696f6e223b693a303b733a31303a22636f6e76657273696f6e223b693a303b733a31313a2274636d6967726174696f6e223b733a313a2230223b733a31313a227472616e73637269707473223b733a343a2231303030223b7d70726963657c643a313730303b),
('4c7f63b26fd9273213a54154f975709a3d969064', '115.249.17.34', 1470752057, 0x5f5f63695f6c6173745f726567656e65726174657c693a313437303735323035373b),
('a1faa938a043e18ecc7e6783555e40d84e241e7c', '103.250.139.193', 1470752458, 0x5f5f63695f6c6173745f726567656e65726174657c693a313437303735323432313b),
('b0f4b93483e624ae5be3c3a3c4d5089410eca08f', '101.212.69.145', 1470752490, 0x5f5f63695f6c6173745f726567656e65726174657c693a313437303735323439303b),
('a324b1bb1dab197648510b7cae08e4295afd7f8d', '125.62.206.230', 1470755702, 0x5f5f63695f6c6173745f726567656e65726174657c693a313437303735353638393b),
('825e34ec7661da52c1d7bde56f765ff65e22c535', '46.161.9.11', 1470756440, 0x5f5f63695f6c6173745f726567656e65726174657c693a313437303735363434303b),
('006951cc35fe4cab3cb86f1d81094312fc7efe8d', '8.37.230.156', 1470759851, 0x5f5f63695f6c6173745f726567656e65726174657c693a313437303735393835303b),
('7f74f777c972b3c7181cfb6adf2bfd64d3b6c080', '50.253.199.145', 1470761220, 0x5f5f63695f6c6173745f726567656e65726174657c693a313437303736313037383b),
('93075128e62288b15bf669dda5d1800646fb1016', '8.37.233.113', 1470762016, 0x5f5f63695f6c6173745f726567656e65726174657c693a313437303736323031353b),
('8fdcbb021e9d1edc8d76b215f49b7ce1b9dba4d6', '223.191.48.21', 1470762650, 0x5f5f63695f6c6173745f726567656e65726174657c693a313437303736323635303b),
('d814a6a8883f56389d9f4b7e6b07fa961157ad4f', '1.39.38.63', 1470763299, 0x5f5f63695f6c6173745f726567656e65726174657c693a313437303736333239393b),
('bde675ec37ca38fd371f2f8585036fb50b4cd9df', '1.23.6.179', 1470763876, 0x5f5f63695f6c6173745f726567656e65726174657c693a313437303736333639323b),
('d02495e7996c5e522d515c6e4e964b1bf5945851', '103.24.127.34', 1470763774, 0x5f5f63695f6c6173745f726567656e65726174657c693a313437303736333733383b),
('7eff4c0f99522219387b7928ff14837a4f1fec71', '1.23.6.179', 1470764428, 0x73746570315f646174617c613a31313a7b733a343a226e616d65223b733a32363a2247616e67616e6e61204761726920526f68697461205265646479223b733a363a22726f6c6c6e6f223b733a383a225547313036313134223b733a31313a22636f757273655f74797065223b733a383a22422e20546563682e223b733a353a226261746368223b733a343a2232303134223b733a363a226272616e6368223b733a32303a224368656d6963616c20456e67696e656572696e67223b733a373a22636f756e747279223b733a353a22496e646961223b733a373a22636f6e74616374223b733a31303a2237363830383835333834223b733a353a22656d61696c223b733a32353a2267726f6869746172656464794064727265646479732e636f6d223b733a373a2261646472657373223b733a3134343a224720526f686974612052656464790d0a476c6f62616c2045787465726e616c204d616e75666163747572696e67200d0a53434d2d4744430d0a44722e20526564647973204c61626f7261746f72696573204c74640d0a537572766579204e6f3a34310d0a426163687570616c6c792c205175747562756c6c617075720d0a4879646572616261642d3530303039300d0a223b733a393a22697061646472657373223b733a31303a22312e32332e362e313739223b733a393a22757365726167656e74223b733a3130393a224d6f7a696c6c612f352e30202857696e646f7773204e5420362e313b20574f57363429204170706c655765624b69742f3533372e333620284b48544d4c2c206c696b65204765636b6f29204368726f6d652f35322e302e323734332e313136205361666172692f3533372e3336223b7d5f5f63695f6c6173745f726567656e65726174657c693a313437303736343432343b73656c65637465645f736372697074737c613a393a7b733a31313a227472616e73637269707473223b4e3b733a31323a226465677265655f6365727469223b4e3b733a31353a22636f6e5f67726164655f7368656574223b733a313a2231223b733a31353a2273656d5f67726164655f7368656574223b4e3b733a333a2273656d223b613a383a7b693a313b4e3b693a323b4e3b693a333b4e3b693a343b4e3b693a353b4e3b693a363b4e3b693a373b4e3b693a383b4e3b7d733a31343a22626f6e61666964655f6365727469223b4e3b733a32313a226d656469756d5f6f665f696e737472756374696f6e223b4e3b733a31303a22636f6e76657273696f6e223b4e3b733a31313a2274636d6967726174696f6e223b733a313a2230223b7d73656d5f6c6973747c733a303a22223b7265717565737465645f73657276696365737c613a313a7b693a303b733a323a223235223b7d726571756573745f636f73745f61727261797c613a333a7b733a33353a22436f6e736f6c696461746564204772616465205368656574732d4475706c6963617465223b693a303b733a32383a2254432026616d703b204d6967726174696f6e20436572746963617465223b693a303b733a31343a22506f7374616c2043686172676573223b693a303b7d636f737461727261797c613a393a7b733a31323a227472616e7363726970747335223b693a303b733a31333a227472616e736372697074733130223b693a303b733a31323a226465677265655f6365727469223b693a303b733a31353a22636f6e5f67726164655f7368656574223b693a303b733a31353a2273656d5f67726164655f7368656574223b693a303b733a31343a22626f6e61666964655f6365727469223b693a303b733a32313a226d656469756d5f6f665f696e737472756374696f6e223b693a303b733a31303a22636f6e76657273696f6e223b693a303b733a31313a2274636d6967726174696f6e223b733a313a2230223b7d70726963657c643a303b636865636b6564436f73747c733a343a2274727565223b),
('d17ca17f9f4b2dc052968caaf5e401d031fd7536', '50.253.199.145', 1470765071, 0x5f5f63695f6c6173745f726567656e65726174657c693a313437303736353037313b),
('1fa31a6fe02a23c75f03eb21113a132389575540', '1.23.6.179', 1470765080, 0x73746570315f646174617c613a31313a7b733a343a226e616d65223b733a32363a2247616e67616e6e61204761726920526f68697461205265646479223b733a363a22726f6c6c6e6f223b733a383a225547313036313134223b733a31313a22636f757273655f74797065223b733a383a22422e20546563682e223b733a353a226261746368223b733a343a2232303134223b733a363a226272616e6368223b733a32303a224368656d6963616c20456e67696e656572696e67223b733a373a22636f756e747279223b733a353a22496e646961223b733a373a22636f6e74616374223b733a31303a2237363830383835333834223b733a353a22656d61696c223b733a32353a2267726f6869746172656464794064727265646479732e636f6d223b733a373a2261646472657373223b733a3134343a224720526f686974612052656464790d0a476c6f62616c2045787465726e616c204d616e75666163747572696e67200d0a53434d2d4744430d0a44722e20526564647973204c61626f7261746f72696573204c74640d0a537572766579204e6f3a34310d0a426163687570616c6c792c205175747562756c6c617075720d0a4879646572616261642d3530303039300d0a223b733a393a22697061646472657373223b733a31303a22312e32332e362e313739223b733a393a22757365726167656e74223b733a3130393a224d6f7a696c6c612f352e30202857696e646f7773204e5420362e313b20574f57363429204170706c655765624b69742f3533372e333620284b48544d4c2c206c696b65204765636b6f29204368726f6d652f35322e302e323734332e313136205361666172692f3533372e3336223b7d5f5f63695f6c6173745f726567656e65726174657c693a313437303736353038303b73656c65637465645f736372697074737c613a393a7b733a31313a227472616e73637269707473223b4e3b733a31323a226465677265655f6365727469223b4e3b733a31353a22636f6e5f67726164655f7368656574223b733a313a2231223b733a31353a2273656d5f67726164655f7368656574223b4e3b733a333a2273656d223b613a383a7b693a313b4e3b693a323b4e3b693a333b4e3b693a343b4e3b693a353b4e3b693a363b4e3b693a373b4e3b693a383b4e3b7d733a31343a22626f6e61666964655f6365727469223b4e3b733a32313a226d656469756d5f6f665f696e737472756374696f6e223b4e3b733a31303a22636f6e76657273696f6e223b4e3b733a31313a2274636d6967726174696f6e223b733a313a2230223b7d73656d5f6c6973747c733a303a22223b7265717565737465645f73657276696365737c613a313a7b693a303b733a323a223235223b7d726571756573745f636f73745f61727261797c613a333a7b733a33353a22436f6e736f6c696461746564204772616465205368656574732d4475706c6963617465223b693a303b733a32383a2254432026616d703b204d6967726174696f6e20436572746963617465223b693a303b733a31343a22506f7374616c2043686172676573223b693a303b7d636f737461727261797c613a393a7b733a31323a227472616e7363726970747335223b693a303b733a31333a227472616e736372697074733130223b693a303b733a31323a226465677265655f6365727469223b693a303b733a31353a22636f6e5f67726164655f7368656574223b693a303b733a31353a2273656d5f67726164655f7368656574223b693a303b733a31343a22626f6e61666964655f6365727469223b693a303b733a32313a226d656469756d5f6f665f696e737472756374696f6e223b693a303b733a31303a22636f6e76657273696f6e223b693a303b733a31313a2274636d6967726174696f6e223b733a313a2230223b7d70726963657c643a303b636865636b6564436f73747c733a343a2274727565223b7265715f69647c733a31363a2255473130363131343139343530323837223b75706c6f6164446174617c613a323a7b733a31343a227365636f6e646172795f74797065223b4e3b733a343a22646f6331223b4e3b7d),
('0148e63444b1fdea8a2be35e971f77bb5fe2793c', '1.23.6.179', 1470765256, 0x73746570315f646174617c613a31313a7b733a343a226e616d65223b733a32363a2247616e67616e6e61204761726920526f68697461205265646479223b733a363a22726f6c6c6e6f223b733a383a225547313036313134223b733a31313a22636f757273655f74797065223b733a383a22422e20546563682e223b733a353a226261746368223b733a343a2232303134223b733a363a226272616e6368223b733a32303a224368656d6963616c20456e67696e656572696e67223b733a373a22636f756e747279223b733a353a22496e646961223b733a373a22636f6e74616374223b733a31303a2237363830383835333834223b733a353a22656d61696c223b733a32353a2267726f6869746172656464794064727265646479732e636f6d223b733a373a2261646472657373223b733a3134343a224720526f686974612052656464790d0a476c6f62616c2045787465726e616c204d616e75666163747572696e67200d0a53434d2d4744430d0a44722e20526564647973204c61626f7261746f72696573204c74640d0a537572766579204e6f3a34310d0a426163687570616c6c792c205175747562756c6c617075720d0a4879646572616261642d3530303039300d0a223b733a393a22697061646472657373223b733a31303a22312e32332e362e313739223b733a393a22757365726167656e74223b733a3130393a224d6f7a696c6c612f352e30202857696e646f7773204e5420362e313b20574f57363429204170706c655765624b69742f3533372e333620284b48544d4c2c206c696b65204765636b6f29204368726f6d652f35322e302e323734332e313136205361666172692f3533372e3336223b7d5f5f63695f6c6173745f726567656e65726174657c693a313437303736353136373b73656c65637465645f736372697074737c613a393a7b733a31313a227472616e73637269707473223b4e3b733a31323a226465677265655f6365727469223b4e3b733a31353a22636f6e5f67726164655f7368656574223b733a313a2231223b733a31353a2273656d5f67726164655f7368656574223b4e3b733a333a2273656d223b613a383a7b693a313b4e3b693a323b4e3b693a333b4e3b693a343b4e3b693a353b4e3b693a363b4e3b693a373b4e3b693a383b4e3b7d733a31343a22626f6e61666964655f6365727469223b4e3b733a32313a226d656469756d5f6f665f696e737472756374696f6e223b4e3b733a31303a22636f6e76657273696f6e223b4e3b733a31313a2274636d6967726174696f6e223b733a313a2230223b7d73656d5f6c6973747c733a303a22223b7265717565737465645f73657276696365737c613a313a7b693a303b733a323a223235223b7d726571756573745f636f73745f61727261797c613a333a7b733a33353a22436f6e736f6c696461746564204772616465205368656574732d4475706c6963617465223b693a303b733a32383a2254432026616d703b204d6967726174696f6e20436572746963617465223b693a303b733a31343a22506f7374616c2043686172676573223b693a303b7d636f737461727261797c613a393a7b733a31323a227472616e7363726970747335223b693a303b733a31333a227472616e736372697074733130223b693a303b733a31323a226465677265655f6365727469223b693a303b733a31353a22636f6e5f67726164655f7368656574223b693a303b733a31353a2273656d5f67726164655f7368656574223b693a303b733a31343a22626f6e61666964655f6365727469223b693a303b733a32313a226d656469756d5f6f665f696e737472756374696f6e223b693a303b733a31303a22636f6e76657273696f6e223b693a303b733a31313a2274636d6967726174696f6e223b733a313a2230223b7d70726963657c643a303b636865636b6564436f73747c733a343a2274727565223b7265715f69647c733a31363a2255473130363131343234303633383937223b75706c6f6164446174617c613a323a7b733a31343a227365636f6e646172795f74797065223b733a313a2231223b733a343a22646f6331223b733a32373a2250726f766973696f6e616c2043657274696669636174652e706466223b7d),
('58ddb03a1c7b3742791f714e67d834bf04e6615a', '1.23.6.179', 1470765322, 0x5f5f63695f6c6173745f726567656e65726174657c693a313437303736353332323b),
('6169ec63849bb2eb615e7862509c33c23b8e1e37', '1.23.6.179', 1470765322, 0x5f5f63695f6c6173745f726567656e65726174657c693a313437303736353332323b),
('271606e2a922a4335220d0c44eef9687560e975e', '1.23.6.179', 1470765322, 0x5f5f63695f6c6173745f726567656e65726174657c693a313437303736353332323b),
('00ad5aa3bd3332bbe66b7ff59b1d4882f73a59f3', '1.23.6.179', 1470765323, 0x5f5f63695f6c6173745f726567656e65726174657c693a313437303736353332333b);
INSERT INTO `ci_sessions` (`id`, `ip_address`, `timestamp`, `data`) VALUES
('5131a9121f041127edcf4d957aaaefef2cb34d02', '1.23.6.179', 1470766456, 0x73746570315f646174617c613a31313a7b733a343a226e616d65223b733a32363a2247616e67616e6e61204761726920526f68697461205265646479223b733a363a22726f6c6c6e6f223b733a383a225547313036313134223b733a31313a22636f757273655f74797065223b733a383a22422e20546563682e223b733a353a226261746368223b733a343a2232303134223b733a363a226272616e6368223b733a32303a224368656d6963616c20456e67696e656572696e67223b733a373a22636f756e747279223b733a353a22496e646961223b733a373a22636f6e74616374223b733a31303a2237363830383835333834223b733a353a22656d61696c223b733a32353a2267726f6869746172656464794064727265646479732e636f6d223b733a373a2261646472657373223b733a3134343a224720526f686974612052656464790d0a476c6f62616c2045787465726e616c204d616e75666163747572696e67200d0a53434d2d4744430d0a44722e20526564647973204c61626f7261746f72696573204c74640d0a537572766579204e6f3a34310d0a426163687570616c6c792c205175747562756c6c617075720d0a4879646572616261642d3530303039300d0a223b733a393a22697061646472657373223b733a31303a22312e32332e362e313739223b733a393a22757365726167656e74223b733a3130393a224d6f7a696c6c612f352e30202857696e646f7773204e5420362e313b20574f57363429204170706c655765624b69742f3533372e333620284b48544d4c2c206c696b65204765636b6f29204368726f6d652f35322e302e323734332e313136205361666172692f3533372e3336223b7d5f5f63695f6c6173745f726567656e65726174657c693a313437303736363331363b73656c65637465645f736372697074737c613a393a7b733a31313a227472616e73637269707473223b4e3b733a31323a226465677265655f6365727469223b4e3b733a31353a22636f6e5f67726164655f7368656574223b733a313a2230223b733a31353a2273656d5f67726164655f7368656574223b4e3b733a333a2273656d223b613a383a7b693a313b4e3b693a323b4e3b693a333b4e3b693a343b4e3b693a353b4e3b693a363b4e3b693a373b4e3b693a383b4e3b7d733a31343a22626f6e61666964655f6365727469223b4e3b733a32313a226d656469756d5f6f665f696e737472756374696f6e223b4e3b733a31303a22636f6e76657273696f6e223b4e3b733a31313a2274636d6967726174696f6e223b4e3b7d73656d5f6c6973747c733a303a22223b7265717565737465645f73657276696365737c613a303a7b7d726571756573745f636f73745f61727261797c613a323a7b733a33343a22436f6e736f6c696461746564204772616465205368656574732d4f726967696e616c223b693a303b733a31343a22506f7374616c2043686172676573223b693a303b7d636f737461727261797c613a393a7b733a31323a227472616e7363726970747335223b693a303b733a31333a227472616e736372697074733130223b693a303b733a31323a226465677265655f6365727469223b693a303b733a31353a22636f6e5f67726164655f7368656574223b693a303b733a31353a2273656d5f67726164655f7368656574223b693a303b733a31343a22626f6e61666964655f6365727469223b693a303b733a32313a226d656469756d5f6f665f696e737472756374696f6e223b693a303b733a31303a22636f6e76657273696f6e223b693a303b733a31313a2274636d6967726174696f6e223b693a303b7d70726963657c643a303b636865636b6564436f73747c733a343a2274727565223b7265715f69647c733a31363a2255473130363131343839353130343233223b696e666f7c733a33343a2255706c6f6164207375636365737320666f72204e657720446f6320395f322e706466223b5f5f63695f766172737c613a313a7b733a343a22696e666f223b733a333a226e6577223b7d75706c6f6164446174617c613a323a7b733a31343a227365636f6e646172795f74797065223b733a313a2233223b733a343a22646f6331223b733a31353a224e657720446f6320395f322e706466223b7d),
('ab94ddc6989a40a37aed20a79f9cb57c25f6a4e9', '115.99.21.205', 1470767003, 0x5f5f63695f6c6173745f726567656e65726174657c693a313437303736373030333b),
('7523649e8d75f6482c34afbe35cbc39d688edacf', '103.252.24.207', 1470770479, 0x5f5f63695f6c6173745f726567656e65726174657c693a313437303737303339323b),
('3e62ba2759ed7b1e7b49b73250853e6ca5c20a1f', '182.68.222.111', 1470771191, 0x5f5f63695f6c6173745f726567656e65726174657c693a313437303737313139313b),
('ca175148a380000c86452d334d5b445b638d8c21', '46.161.9.11', 1470771243, 0x5f5f63695f6c6173745f726567656e65726174657c693a313437303737313234333b),
('b266b94cb000b625fa3fa7f938b01611f873b6e4', '139.162.37.111', 1470772059, 0x5f5f63695f6c6173745f726567656e65726174657c693a313437303737323035393b),
('a52ab3c8f1dab9f6ea68a0b903a1ef3d147ac9b1', '64.233.173.210', 1470772322, 0x5f5f63695f6c6173745f726567656e65726174657c693a313437303737323332323b),
('e10787ce534f16d4c990ce45c944fe5299396a02', '64.233.173.206', 1470776680, 0x5f5f63695f6c6173745f726567656e65726174657c693a313437303737363638303b),
('f3842575cdb42c83023724201f9e0a3017b2e5c0', '40.77.167.4', 1470776818, 0x5f5f63695f6c6173745f726567656e65726174657c693a313437303737363831383b),
('bdf785a4cbde4b8569ba335587275b1314e9a1a6', '69.30.221.250', 1470783676, 0x5f5f63695f6c6173745f726567656e65726174657c693a313437303738333637363b),
('60df8c87e72ec13e7650ba19a225a4568eda117c', '66.249.66.149', 1470783909, 0x5f5f63695f6c6173745f726567656e65726174657c693a313437303738333930393b),
('ad23cc8eea8a78d0ab0c764505c9058259e434e3', '46.161.9.11', 1470787671, 0x5f5f63695f6c6173745f726567656e65726174657c693a313437303738373637313b),
('4cc4563e7376bd9d07d3d0de47fa0f440d0d94e7', '73.222.116.59', 1470793806, 0x5f5f63695f6c6173745f726567656e65726174657c693a313437303739333633323b),
('055b0f04288571608e7c24106607987474d05940', '157.55.39.233', 1470799016, 0x5f5f63695f6c6173745f726567656e65726174657c693a313437303739393031363b),
('ad680d6af64e2c44c1af64ae623ebee2e165ab51', '62.210.250.212', 1470799818, 0x5f5f63695f6c6173745f726567656e65726174657c693a313437303739393831383b),
('ef5ef357a662181a62fa55d42cecf61293f828ec', '64.233.173.206', 1470803466, 0x5f5f63695f6c6173745f726567656e65726174657c693a313437303830333436363b),
('e3fb4fc2ca69d612c6c7fedf19dd41be7578dbfa', '64.233.173.210', 1470803466, 0x5f5f63695f6c6173745f726567656e65726174657c693a313437303830333436363b),
('f1561e0b677ba28d73164d05907a285b03d18075', '64.233.173.206', 1470803466, 0x5f5f63695f6c6173745f726567656e65726174657c693a313437303830333436363b),
('dfc5857407d6756848d428fa02a5e20a87e3ce19', '64.233.173.206', 1470803466, 0x5f5f63695f6c6173745f726567656e65726174657c693a313437303830333436363b),
('8b22af4aad6c14a098ea257e25e8dc13195a1ca4', '64.233.173.210', 1470803468, 0x5f5f63695f6c6173745f726567656e65726174657c693a313437303830333436383b),
('4c09aceaa4bb18e33e30db6f29580e4d9d00a325', '64.233.173.206', 1470803468, 0x5f5f63695f6c6173745f726567656e65726174657c693a313437303830333436383b),
('49644dc83c891673d2dd01f9350c2b5fa1d76c10', '64.233.173.214', 1470803468, 0x5f5f63695f6c6173745f726567656e65726174657c693a313437303830333436383b),
('c012d0cf4d109f1ad2c77ff8378a431b64d75505', '64.233.173.210', 1470803468, 0x5f5f63695f6c6173745f726567656e65726174657c693a313437303830333436383b),
('78a56835b2d821485a554fbf2b307acc0b8bb6f4', '46.161.9.11', 1470803648, 0x5f5f63695f6c6173745f726567656e65726174657c693a313437303830333634383b),
('0f30fc92871b50356249b40e40b83abc719148cc', '172.30.0.10', 1470804476, 0x5f5f63695f6c6173745f726567656e65726174657c693a313437303830343437363b),
('13ceda545390e6c4beb95aee9ff1b54469fb56d5', '103.41.97.198', 1470804664, 0x5f5f63695f6c6173745f726567656e65726174657c693a313437303830343636303b),
('1eb445283ad88cf5a98bccc887f08c0137138840', '185.46.212.51', 1470804897, 0x5f5f63695f6c6173745f726567656e65726174657c693a313437303830343837333b),
('ff0a69580149ec296e30ca997ca04af74c026931', '172.30.0.10', 1470807290, 0x5f5f63695f6c6173745f726567656e65726174657c693a313437303830373239303b),
('003eef09fe27116a10e4eafccfa7e151be64441a', '66.249.66.186', 1470808481, 0x5f5f63695f6c6173745f726567656e65726174657c693a313437303830383438313b),
('4b13caeafa66fb54665e6d1f15a7f433370ff5e1', '46.161.9.11', 1470808589, 0x5f5f63695f6c6173745f726567656e65726174657c693a313437303830383538393b),
('5709fbe1d8cc905040acbf7a8e9764b15d647e38', '14.139.231.6', 1470813155, 0x5f5f63695f6c6173745f726567656e65726174657c693a313437303831333135353b),
('d79ce896b3f4ace6811156aeb6ee6a80875fc3bc', '64.233.173.132', 1470813371, 0x5f5f63695f6c6173745f726567656e65726174657c693a313437303831333337313b),
('dcd2d1fcaec0688eab98bee9e30607977cc66c3b', '64.233.173.137', 1470813371, 0x5f5f63695f6c6173745f726567656e65726174657c693a313437303831333337313b),
('a83ae2daac2a946d6752c5d3c0f504ded0aa2770', '64.233.173.132', 1470813371, 0x5f5f63695f6c6173745f726567656e65726174657c693a313437303831333337313b),
('b77b9cde3a7adfa9b558f05a64b3b929ee4ac09e', '64.233.173.137', 1470813372, 0x5f5f63695f6c6173745f726567656e65726174657c693a313437303831333337323b),
('0bb1a918b1bb15477e602901e66f09de2c9e41f5', '46.161.9.11', 1470813681, 0x5f5f63695f6c6173745f726567656e65726174657c693a313437303831333638313b),
('49b181232ee03649ab8063b29e63d8be8dc2ee49', '66.220.146.27', 1470814156, 0x5f5f63695f6c6173745f726567656e65726174657c693a313437303831343135363b),
('b97f6b3cf48116d655beade208506e046035ef61', '8.37.234.133', 1470814370, 0x5f5f63695f6c6173745f726567656e65726174657c693a313437303831343336393b),
('a101501d2270232690af892e73fcb499a9224e99', '68.180.231.43', 1470817335, 0x5f5f63695f6c6173745f726567656e65726174657c693a313437303831373333353b),
('9a2a8a788732af5ccc53dffa137d403d3652b3d9', '64.62.219.59', 1470817856, 0x5f5f63695f6c6173745f726567656e65726174657c693a313437303831373830393b),
('ea1124464028988e3b3d849cb036bf04e68ccd2b', '49.206.209.176', 1470818936, 0x5f5f63695f6c6173745f726567656e65726174657c693a313437303831383933363b),
('464dc7089dbbd56f1da1928041e21208c7857faf', '182.156.89.186', 1470823106, 0x5f5f63695f6c6173745f726567656e65726174657c693a313437303832333130353b),
('41a5465511589d9ea5cee2b62ceb4b09c98f4881', '172.20.0.1', 1470825876, 0x5f5f63695f6c6173745f726567656e65726174657c693a313437303832353837363b),
('ff6a638ae6a2e62dd6bf2458978d47a65d909f3c', '46.161.9.11', 1470825901, 0x5f5f63695f6c6173745f726567656e65726174657c693a313437303832353930313b),
('16fd66f613cd219f9800d80cbac75481bdffb385', '172.20.0.1', 1470827057, 0x5f5f63695f6c6173745f726567656e65726174657c693a313437303832373034343b),
('b8f0888c63354b0066f63b21af78fc30f3e17e6c', '175.101.16.7', 1470827299, 0x5f5f63695f6c6173745f726567656e65726174657c693a313437303832373239393b),
('0f75a3fbb836243f2795fea6bf5bd722d13a4a66', '66.249.66.149', 1470827473, 0x5f5f63695f6c6173745f726567656e65726174657c693a313437303832373437333b),
('e44b304eacee8cc52519aed94f6ee37e95bedc50', '49.128.110.13', 1470828759, 0x5f5f63695f6c6173745f726567656e65726174657c693a313437303832383734383b),
('c39e6f8890618f9eb1012d8eda0b8c2138cd4f51', '46.161.9.11', 1470829329, 0x5f5f63695f6c6173745f726567656e65726174657c693a313437303832393332393b),
('a4e88d2cbcd0442f453d22ed9e0c307ccdb9a292', '68.180.231.42', 1470831371, 0x5f5f63695f6c6173745f726567656e65726174657c693a313437303833313337313b),
('9bfbaf62cecc565f1849ec4a4cc47de51aa653bd', '194.187.170.118', 1470836674, 0x5f5f63695f6c6173745f726567656e65726174657c693a313437303833363637343b),
('7d1f397549d899281c7975c30d7d27418d829a6e', '202.3.66.193', 1470837057, 0x5f5f63695f6c6173745f726567656e65726174657c693a313437303833363938303b),
('226ec7f08627b5d55acf545f45d7dd4c88c2cd35', '202.3.66.193', 1470837039, 0x5f5f63695f6c6173745f726567656e65726174657c693a313437303833373033393b),
('fca7d4a572460871e6fd79e682b71fe8d4696fdc', '14.139.220.130', 1470840761, 0x5f5f63695f6c6173745f726567656e65726174657c693a313437303834303734393b),
('0b93b61a78ef5fd78498bf8b74fe72802edb0887', '141.8.142.6', 1470841005, 0x5f5f63695f6c6173745f726567656e65726174657c693a313437303834313030353b),
('c707a36969595369a2793d2422de4515d4760b3b', '182.64.5.218', 1470841267, 0x5f5f63695f6c6173745f726567656e65726174657c693a313437303834313135343b),
('de77feb1c3989fda3fcbf8747f2375f9e8fb2b44', '115.98.51.151', 1470842825, 0x5f5f63695f6c6173745f726567656e65726174657c693a313437303834323832353b),
('07b688c862e0d1e07434012b65e8e62a556285b0', '172.30.0.20', 1470844418, 0x5f5f63695f6c6173745f726567656e65726174657c693a313437303834343431383b),
('7e2becb1bc96264f946a7f12778e7d0c3662b3cd', '64.62.219.84', 1470846091, 0x5f5f63695f6c6173745f726567656e65726174657c693a313437303834363039313b),
('932a0282c2af37ad61edbbf4d86eb2995c397360', '64.233.173.206', 1470846311, 0x5f5f63695f6c6173745f726567656e65726174657c693a313437303834363331313b),
('276ed8a420ef70457e67a7c8430783b602ee7671', '103.37.201.69', 1470846334, 0x5f5f63695f6c6173745f726567656e65726174657c693a313437303834363331383b),
('9dd2b4c5e32eb6de400bbd896f2c7771d8adfacb', '50.253.199.145', 1470853626, 0x5f5f63695f6c6173745f726567656e65726174657c693a313437303835333631333b),
('baf7c3ba6dc8ac3f816362e1a6803d628da8586a', '182.70.173.1', 1470856180, 0x5f5f63695f6c6173745f726567656e65726174657c693a313437303835363138303b),
('e21ca8767a386c2e4d8d1d9ea80ed03076616922', '8.37.234.192', 1470856260, 0x5f5f63695f6c6173745f726567656e65726174657c693a313437303835363236303b),
('c47ba6d2ea20356099a4d5d2d77c5a7742895ce9', '131.107.160.135', 1470860524, 0x73746570315f646174617c613a31313a7b733a343a226e616d65223b733a31343a22522041736877696e536174687961223b733a363a22726f6c6c6e6f223b733a343a2236373533223b733a31313a22636f757273655f74797065223b733a383a22422e20546563682e223b733a353a226261746368223b733a343a2232303130223b733a363a226272616e6368223b733a33303a22436f6d707574657220536369656e6365202620456e67696e656572696e67223b733a373a22636f756e747279223b733a32343a22556e6974656420537461746573206f6620416d6572696361223b733a373a22636f6e74616374223b733a31323a222b3134323532343134343532223b733a353a22656d61696c223b733a32353a2261736877696e2e736174687961406f75746c6f6f6b2e636f6d223b733a373a2261646472657373223b733a32323a223432383520313438544820415645204e452049323031223b733a393a22697061646472657373223b733a31353a223133312e3130372e3136302e313335223b733a393a22757365726167656e74223b733a3131343a224d6f7a696c6c612f352e30202857696e646f7773204e542031302e303b2057696e36343b2078363429204170706c655765624b69742f3533372e333620284b48544d4c2c206c696b65204765636b6f29204368726f6d652f35322e302e323734332e3832205361666172692f3533372e3336223b7d5f5f63695f6c6173745f726567656e65726174657c693a313437303836303531363b73656c65637465645f736372697074737c613a393a7b733a31313a227472616e73637269707473223b733a323a223130223b733a31323a226465677265655f6365727469223b4e3b733a31353a22636f6e5f67726164655f7368656574223b4e3b733a31353a2273656d5f67726164655f7368656574223b4e3b733a333a2273656d223b613a383a7b693a313b4e3b693a323b4e3b693a333b4e3b693a343b4e3b693a353b4e3b693a363b4e3b693a373b4e3b693a383b4e3b7d733a31343a22626f6e61666964655f6365727469223b4e3b733a32313a226d656469756d5f6f665f696e737472756374696f6e223b4e3b733a31303a22636f6e76657273696f6e223b4e3b733a31313a2274636d6967726174696f6e223b733a313a2230223b7d73656d5f6c6973747c733a303a22223b7265717565737465645f73657276696365737c613a323a7b693a303b733a323a223136223b693a313b733a323a223236223b7d726571756573745f636f73745f61727261797c613a333a7b733a31393a225472616e73637269707473202d313053657473223b733a323a223530223b733a32383a2254432026616d703b204d6967726174696f6e20436572746963617465223b693a303b733a31343a22506f7374616c2043686172676573223b693a303b7d636f737461727261797c613a31303a7b733a31323a227472616e7363726970747335223b693a303b733a31333a227472616e736372697074733130223b693a303b733a31323a226465677265655f6365727469223b693a303b733a31353a22636f6e5f67726164655f7368656574223b693a303b733a31353a2273656d5f67726164655f7368656574223b693a303b733a31343a22626f6e61666964655f6365727469223b693a303b733a32313a226d656469756d5f6f665f696e737472756374696f6e223b693a303b733a31303a22636f6e76657273696f6e223b693a303b733a31313a2274636d6967726174696f6e223b733a313a2230223b733a31313a227472616e73637269707473223b733a323a223530223b7d70726963657c643a35303b),
('9b135461ef4528c0a46869d5ef75b3bf76335d19', '172.30.0.7', 1470861905, 0x5f5f63695f6c6173745f726567656e65726174657c693a313437303836313839393b),
('9d68b7aa0007cb0f30658db0600c3db352b8cee7', '64.233.172.171', 1470862061, 0x5f5f63695f6c6173745f726567656e65726174657c693a313437303836323036313b),
('31ae03a335e4691b5f6d1a9a6573aab3b4617fff', '64.233.172.163', 1470862064, 0x5f5f63695f6c6173745f726567656e65726174657c693a313437303836323036343b),
('50bc591af0e7b1833960a00158bb05389fabcc57', '64.233.172.171', 1470862068, 0x5f5f63695f6c6173745f726567656e65726174657c693a313437303836323036383b),
('43caf2d2f52fd6695dfc03e51bbe1bccd0c63672', '117.193.139.13', 1470862186, 0x5f5f63695f6c6173745f726567656e65726174657c693a313437303836323038393b),
('0f88de61668c8d369828d2d486a80be21d062ef9', '64.233.172.163', 1470862484, 0x5f5f63695f6c6173745f726567656e65726174657c693a313437303836323438343b),
('240ac8d54109d1a7194aeb18a260807923927aea', '64.233.172.155', 1470862487, 0x5f5f63695f6c6173745f726567656e65726174657c693a313437303836323438373b),
('9c899b9fb66f894190133eb4278d4670a6a8d847', '223.74.116.243', 1470876268, 0x5f5f63695f6c6173745f726567656e65726174657c693a313437303837363236383b),
('eb9ee8535c5cbd5cd5b2b161a9fb010c316fda51', '204.236.226.210', 1470877950, 0x5f5f63695f6c6173745f726567656e65726174657c693a313437303837373935303b),
('2611a08c36df20edea0206fea39e803796d9eed1', '141.8.142.6', 1470884441, 0x5f5f63695f6c6173745f726567656e65726174657c693a313437303838343434313b),
('f9ff24176aa1984e9d49dabd4fea34134663e1ca', '93.158.152.17', 1470884682, 0x5f5f63695f6c6173745f726567656e65726174657c693a313437303838343638323b),
('558778ee36fb301f9ab5008131da14458d5a03cc', '141.8.142.6', 1470884768, 0x5f5f63695f6c6173745f726567656e65726174657c693a313437303838343736383b),
('1a959708868629f8a3f2ee7bbfd7d3e8bb5dec21', '8.37.232.226', 1470889749, 0x5f5f63695f6c6173745f726567656e65726174657c693a313437303838393734393b),
('61867b7d2d5710b695f361cd6f29d100687585dd', '1.23.116.45', 1470889805, 0x5f5f63695f6c6173745f726567656e65726174657c693a313437303838393830353b),
('8e0181fa6f3564b225a38f8356e975ec8580b296', '50.117.38.126', 1470889823, 0x5f5f63695f6c6173745f726567656e65726174657c693a313437303838393832333b),
('f430a89236874b732f12b6c2c4a0cfe674ee1660', '64.233.173.210', 1470890171, 0x5f5f63695f6c6173745f726567656e65726174657c693a313437303839303137313b),
('b830c6cd34841a59356989402bb6583234a2e5a0', '64.233.173.210', 1470890171, 0x5f5f63695f6c6173745f726567656e65726174657c693a313437303839303137313b),
('1c906a6aaddcea2bc58bde745148d424a86f1845', '64.233.173.210', 1470890171, 0x5f5f63695f6c6173745f726567656e65726174657c693a313437303839303137313b),
('0f4e271eff2ae9c996a5333218db9661c05047be', '64.233.173.214', 1470890171, 0x5f5f63695f6c6173745f726567656e65726174657c693a313437303839303137313b),
('433b20c67df34b12898b888ea223d4d5bbd6c6f4', '64.233.173.210', 1470890187, 0x5f5f63695f6c6173745f726567656e65726174657c693a313437303839303138373b),
('72dbdb5ab5175cf6fccf8600a602d2a092091265', '64.233.173.210', 1470890187, 0x5f5f63695f6c6173745f726567656e65726174657c693a313437303839303138373b),
('46f4d1be4e1952ff4255310f8532641f6901d168', '64.233.173.214', 1470890187, 0x5f5f63695f6c6173745f726567656e65726174657c693a313437303839303138373b),
('22b301a05906444f0869482fd99bd802b423d15b', '64.233.173.206', 1470890187, 0x5f5f63695f6c6173745f726567656e65726174657c693a313437303839303138373b),
('c6d8a91b7a0d591c33bd5d42e0f85e998fef663d', '202.3.120.6', 1470890550, 0x5f5f63695f6c6173745f726567656e65726174657c693a313437303839303237313b),
('58add3c46032ab3ad6435cfff27b7065b00956a8', '64.233.173.254', 1470890326, 0x5f5f63695f6c6173745f726567656e65726174657c693a313437303839303332363b),
('9aa8fffc6877d032d5a5f7870f620db83b2befc6', '64.233.173.254', 1470890326, 0x5f5f63695f6c6173745f726567656e65726174657c693a313437303839303332363b),
('f33b9f8d6da5d6d017991fd38601570909481b11', '64.233.173.132', 1470890326, 0x5f5f63695f6c6173745f726567656e65726174657c693a313437303839303332363b),
('f258778e81a3593a6a6f772563c3f21a546d9381', '64.233.173.254', 1470890326, 0x5f5f63695f6c6173745f726567656e65726174657c693a313437303839303332363b),
('94e1e989527c039b3f361d92eb80747fcdbab4e8', '64.233.173.132', 1470890328, 0x5f5f63695f6c6173745f726567656e65726174657c693a313437303839303332383b),
('f26e2c8cfd14bf3d713339b9650e394cd6f3ceb3', '64.233.173.254', 1470890328, 0x5f5f63695f6c6173745f726567656e65726174657c693a313437303839303332383b),
('6f6336ea7910f426ceb4f293c9af6ffa9e7eda99', '64.233.173.137', 1470890328, 0x5f5f63695f6c6173745f726567656e65726174657c693a313437303839303332383b),
('339cef5b4eb7d256495474c465fbccd8772caedd', '64.233.173.137', 1470890328, 0x5f5f63695f6c6173745f726567656e65726174657c693a313437303839303332383b),
('eca2b3804bafdc34aad66bbd8abe08769ad5f923', '202.3.120.6', 1470890336, 0x5f5f63695f6c6173745f726567656e65726174657c693a313437303839303333363b),
('044b56c45b1258a964d8a59a06894108e42b8cf7', '64.233.173.137', 1470890441, 0x5f5f63695f6c6173745f726567656e65726174657c693a313437303839303434313b),
('b6efbce814c7ac0d724496a79e66fe6c961c10f6', '64.233.173.137', 1470890441, 0x5f5f63695f6c6173745f726567656e65726174657c693a313437303839303434313b),
('31119e73626987777f12a087fb6e9d4a40fbc5c4', '64.233.173.254', 1470890441, 0x5f5f63695f6c6173745f726567656e65726174657c693a313437303839303434313b),
('ee85d33d5b7c36809bb2846783fa64ca5cdb8d5f', '64.233.173.132', 1470890441, 0x5f5f63695f6c6173745f726567656e65726174657c693a313437303839303434313b),
('983b85a45eb9eb046c94ba836be7e12aba2845f5', '64.233.173.137', 1470890499, 0x5f5f63695f6c6173745f726567656e65726174657c693a313437303839303439393b),
('1bcfe076fcca0ae54f4174bd43b5e602ee1c8e12', '64.233.173.137', 1470890499, 0x5f5f63695f6c6173745f726567656e65726174657c693a313437303839303439393b),
('5679df0a6aeec1a8a664e7075cd65c00214c6561', '64.233.173.137', 1470890499, 0x5f5f63695f6c6173745f726567656e65726174657c693a313437303839303439393b),
('5e0a835c4b605ec7e7fcd5358359aae2f8f35b81', '64.233.173.137', 1470890499, 0x5f5f63695f6c6173745f726567656e65726174657c693a313437303839303439393b),
('441e98a6ad26937596dfe4d5c78e0636b35a9a82', '202.3.120.6', 1470890971, 0x5f5f63695f6c6173745f726567656e65726174657c693a313437303839303637313b),
('138e2bf97cb64bbba6654b7e64cc647d354be4bf', '64.233.173.206', 1470890941, 0x5f5f63695f6c6173745f726567656e65726174657c693a313437303839303934313b),
('1a69dfaf0a9d28ee11f830402e35e4c31ac2424c', '64.233.173.210', 1470890941, 0x5f5f63695f6c6173745f726567656e65726174657c693a313437303839303934313b),
('e21ecf49f3348b3ada53708106e5f647b7c13998', '64.233.173.210', 1470890941, 0x5f5f63695f6c6173745f726567656e65726174657c693a313437303839303934313b),
('14c1ad08cb681add20805cd7b4c4f1be6a201eed', '64.233.173.206', 1470890941, 0x5f5f63695f6c6173745f726567656e65726174657c693a313437303839303934313b),
('148620a6ff2218760ce24e2ac6a11b861e8b8c6a', '106.220.109.79', 1470891977, 0x73746570315f646174617c613a31313a7b733a343a226e616d65223b733a31363a224769726920566179616c6170616c6c69223b733a363a22726f6c6c6e6f223b733a353a223838373130223b733a31313a22636f757273655f74797065223b733a383a22422e20546563682e223b733a353a226261746368223b733a343a2231393838223b733a363a226272616e6368223b733a33303a22436f6d707574657220536369656e6365202620456e67696e656572696e67223b733a373a22636f756e747279223b733a32343a22556e6974656420537461746573206f6620416d6572696361223b733a373a22636f6e74616374223b733a31303a2234303439383034363731223b733a353a22656d61696c223b733a32313a22676972695f766179616c61407961686f6f2e636f6d223b733a373a2261646472657373223b733a33363a223131303132204b656d702052640d0a4a6f686e7320437265656b2c204741203330303234223b733a393a22697061646472657373223b733a31343a223130362e3232302e3130392e3739223b733a393a22757365726167656e74223b733a38323a224d6f7a696c6c612f352e3020284d6163696e746f73683b20496e74656c204d6163204f5320582031302e31303b2072763a34372e3029204765636b6f2f32303130303130312046697265666f782f34372e30223b7d5f5f63695f6c6173745f726567656e65726174657c693a313437303839313936333b73656c65637465645f736372697074737c613a393a7b733a31313a227472616e73637269707473223b733a323a223130223b733a31323a226465677265655f6365727469223b4e3b733a31353a22636f6e5f67726164655f7368656574223b733a313a2230223b733a31353a2273656d5f67726164655f7368656574223b4e3b733a333a2273656d223b613a383a7b693a313b4e3b693a323b4e3b693a333b4e3b693a343b4e3b693a353b4e3b693a363b4e3b693a373b4e3b693a383b4e3b7d733a31343a22626f6e61666964655f6365727469223b4e3b733a32313a226d656469756d5f6f665f696e737472756374696f6e223b4e3b733a31303a22636f6e76657273696f6e223b4e3b733a31313a2274636d6967726174696f6e223b733a313a2230223b7d73656d5f6c6973747c733a303a22223b7265717565737465645f73657276696365737c613a333a7b693a303b733a323a223136223b693a313b733a323a223130223b693a323b733a323a223236223b7d726571756573745f636f73745f61727261797c613a343a7b733a31393a225472616e73637269707473202d313053657473223b733a323a223530223b733a33343a22436f6e736f6c696461746564204772616465205368656574732d4f726967696e616c223b733a333a22313030223b733a32383a2254432026616d703b204d6967726174696f6e20436572746963617465223b693a303b733a31343a22506f7374616c2043686172676573223b693a303b7d636f737461727261797c613a31303a7b733a31323a227472616e7363726970747335223b693a303b733a31333a227472616e736372697074733130223b693a303b733a31323a226465677265655f6365727469223b693a303b733a31353a22636f6e5f67726164655f7368656574223b733a333a22313030223b733a31353a2273656d5f67726164655f7368656574223b693a303b733a31343a22626f6e61666964655f6365727469223b693a303b733a32313a226d656469756d5f6f665f696e737472756374696f6e223b693a303b733a31303a22636f6e76657273696f6e223b693a303b733a31313a2274636d6967726174696f6e223b733a313a2230223b733a31313a227472616e73637269707473223b733a323a223530223b7d70726963657c643a3135303b636865636b6564436f73747c733a343a2274727565223b),
('7f1c4d4939b88849c371ea8881be3cda9a2f18c6', '60.243.219.224', 1470892313, 0x5f5f63695f6c6173745f726567656e65726174657c693a313437303839323237373b),
('06bb68834af971f20040e45ab73e184102d46221', '117.211.164.44', 1470892485, 0x5f5f63695f6c6173745f726567656e65726174657c693a313437303839323339313b),
('f4900d4d0859ba2612912477039267b51178d96a', '125.21.4.50', 1470892911, 0x5f5f63695f6c6173745f726567656e65726174657c693a313437303839323838383b),
('ca264f3055ec7be5e1b952f524f6a6954a2c5614', '125.21.4.50', 1470893422, 0x5f5f63695f6c6173745f726567656e65726174657c693a313437303839333338323b),
('46754c4c82c5b8b955c1f869716f06aee4d4b5b3', '125.21.4.50', 1470893749, 0x5f5f63695f6c6173745f726567656e65726174657c693a313437303839333734393b),
('fcedfa7d625cfd1c3098e260d8a9a08ed1f53047', '50.117.38.126', 1470894006, 0x5f5f63695f6c6173745f726567656e65726174657c693a313437303839343030363b),
('840a1406b6c00b330d1302d4e67eda2e4818ff6c', '50.117.38.126', 1470894277, 0x5f5f63695f6c6173745f726567656e65726174657c693a313437303839343237363b),
('4bc834915864b0a5a1b2c7d5bea8e2f6b7d93979', '50.117.38.126', 1470894276, 0x5f5f63695f6c6173745f726567656e65726174657c693a313437303839343237363b),
('3b9855564997b62891ed559492ed0507da43c330', '50.117.38.126', 1470894276, 0x5f5f63695f6c6173745f726567656e65726174657c693a313437303839343237363b),
('83615120201ea29a7eb6ed30ce09ac2c0e6276e1', '50.117.38.126', 1470894276, 0x5f5f63695f6c6173745f726567656e65726174657c693a313437303839343237363b),
('41fa38577939a9dfff70ef1b9953cf6565594551', '50.117.38.126', 1470894277, 0x5f5f63695f6c6173745f726567656e65726174657c693a313437303839343237373b),
('a4f3fdccd50713c73520b24c76e01463fac6a844', '203.101.73.49', 1470896882, 0x5f5f63695f6c6173745f726567656e65726174657c693a313437303839363836363b),
('fc605dd49b9fd4efa1990014c3a08d40dc9ebb86', '203.101.73.49', 1470897617, 0x5f5f63695f6c6173745f726567656e65726174657c693a313437303839373435363b),
('9993b36e368421983177eb3fb746e4b33af0efcd', '103.15.62.146', 1470898276, 0x5f5f63695f6c6173745f726567656e65726174657c693a313437303839383237363b),
('59301969cb3953a9d83791ca7c209b3e0a7344a4', '64.233.173.210', 1470898678, 0x5f5f63695f6c6173745f726567656e65726174657c693a313437303839383637383b),
('f501e9c2cd5249029138745e7968bac42287654b', '64.233.173.206', 1470898678, 0x5f5f63695f6c6173745f726567656e65726174657c693a313437303839383637383b),
('ded2720386769363637998de27c109ba25ea005c', '64.233.173.214', 1470898678, 0x5f5f63695f6c6173745f726567656e65726174657c693a313437303839383637383b),
('ce530597c177f74384707fc39e49b68bf1cf1434', '64.233.173.210', 1470898678, 0x5f5f63695f6c6173745f726567656e65726174657c693a313437303839383637383b),
('6e2ad482f5a45ef961a48500e7c5d82b5eef4c01', '150.129.60.225', 1470898946, 0x5f5f63695f6c6173745f726567656e65726174657c693a313437303839383933313b),
('7e4bbb38419bb898df0e6b78b941521f17982b64', '182.156.89.186', 1470900594, 0x5f5f63695f6c6173745f726567656e65726174657c693a313437303930303539343b),
('cfa0ce4a9c6052fb355d58e29ec72b454de1ebc4', '174.17.208.30', 1470904850, 0x5f5f63695f6c6173745f726567656e65726174657c693a313437303930343733383b),
('8fbd842b421567b1ecc90a2a2b3542a3ac599bac', '174.17.208.30', 1470905122, 0x73746570315f646174617c613a31313a7b733a343a226e616d65223b733a31343a2252616d6573682042756761746861223b733a363a22726f6c6c6e6f223b733a363a22435339373735223b733a31313a22636f757273655f74797065223b733a383a22422e20546563682e223b733a353a226261746368223b733a343a2232303133223b733a363a226272616e6368223b733a33303a22436f6d707574657220536369656e6365202620456e67696e656572696e67223b733a373a22636f756e747279223b733a353a22496e646961223b733a373a22636f6e74616374223b733a31333a222b312d34383038353933363633223b733a353a22656d61696c223b733a31363a227262756761746861406173752e656475223b733a373a2261646472657373223b733a37393a224275676174686120566173750d0a426865656d696c6920506f6c6963652053746174696f6e0d0a426865656d696c690d0a566973616b68617061746e616d20436974790d0a70696e20353331313633223b733a393a22697061646472657373223b733a31333a223137342e31372e3230382e3330223b733a393a22757365726167656e74223b733a37323a224d6f7a696c6c612f352e30202857696e646f7773204e5420362e313b20574f5736343b2072763a34372e3029204765636b6f2f32303130303130312046697265666f782f34372e30223b7d5f5f63695f6c6173745f726567656e65726174657c693a313437303930353131303b73656c65637465645f736372697074737c613a393a7b733a31313a227472616e73637269707473223b4e3b733a31323a226465677265655f6365727469223b4e3b733a31353a22636f6e5f67726164655f7368656574223b4e3b733a31353a2273656d5f67726164655f7368656574223b4e3b733a333a2273656d223b613a383a7b693a313b4e3b693a323b4e3b693a333b4e3b693a343b4e3b693a353b4e3b693a363b4e3b693a373b4e3b693a383b4e3b7d733a31343a22626f6e61666964655f6365727469223b4e3b733a32313a226d656469756d5f6f665f696e737472756374696f6e223b4e3b733a31303a22636f6e76657273696f6e223b4e3b733a31313a2274636d6967726174696f6e223b733a313a2230223b7d73656d5f6c6973747c733a303a22223b7265717565737465645f73657276696365737c613a313a7b693a303b733a323a223235223b7d726571756573745f636f73745f61727261797c613a323a7b733a32383a2254432026616d703b204d6967726174696f6e20436572746963617465223b693a303b733a31343a22506f7374616c2043686172676573223b693a303b7d636f737461727261797c613a393a7b733a31323a227472616e7363726970747335223b693a303b733a31333a227472616e736372697074733130223b693a303b733a31323a226465677265655f6365727469223b693a303b733a31353a22636f6e5f67726164655f7368656574223b693a303b733a31353a2273656d5f67726164655f7368656574223b693a303b733a31343a22626f6e61666964655f6365727469223b693a303b733a32313a226d656469756d5f6f665f696e737472756374696f6e223b693a303b733a31303a22636f6e76657273696f6e223b693a303b733a31313a2274636d6967726174696f6e223b733a313a2230223b7d70726963657c643a303b636865636b6564436f73747c733a343a2274727565223b),
('666849397273271fff1933eb3185c0845b70d8ba', '59.97.48.73', 1470905095, 0x5f5f63695f6c6173745f726567656e65726174657c693a313437303930353039353b),
('be0b0af3bac9fc0e5adc7f003944b8261b7fd3a4', '174.17.208.30', 1470906152, 0x73746570315f646174617c613a31313a7b733a343a226e616d65223b733a31343a2252616d6573682042756761746861223b733a363a22726f6c6c6e6f223b733a363a22435339373735223b733a31313a22636f757273655f74797065223b733a383a22422e20546563682e223b733a353a226261746368223b733a343a2232303133223b733a363a226272616e6368223b733a33303a22436f6d707574657220536369656e6365202620456e67696e656572696e67223b733a373a22636f756e747279223b733a353a22496e646961223b733a373a22636f6e74616374223b733a31333a222b312d34383038353933363633223b733a353a22656d61696c223b733a31363a227262756761746861406173752e656475223b733a373a2261646472657373223b733a37393a224275676174686120566173750d0a426865656d696c6920506f6c6963652053746174696f6e0d0a426865656d696c690d0a566973616b68617061746e616d20436974790d0a70696e20353331313633223b733a393a22697061646472657373223b733a31333a223137342e31372e3230382e3330223b733a393a22757365726167656e74223b733a37323a224d6f7a696c6c612f352e30202857696e646f7773204e5420362e313b20574f5736343b2072763a34372e3029204765636b6f2f32303130303130312046697265666f782f34372e30223b7d5f5f63695f6c6173745f726567656e65726174657c693a313437303930353933373b73656c65637465645f736372697074737c613a393a7b733a31313a227472616e73637269707473223b4e3b733a31323a226465677265655f6365727469223b4e3b733a31353a22636f6e5f67726164655f7368656574223b4e3b733a31353a2273656d5f67726164655f7368656574223b4e3b733a333a2273656d223b613a383a7b693a313b4e3b693a323b4e3b693a333b4e3b693a343b4e3b693a353b4e3b693a363b4e3b693a373b4e3b693a383b4e3b7d733a31343a22626f6e61666964655f6365727469223b4e3b733a32313a226d656469756d5f6f665f696e737472756374696f6e223b4e3b733a31303a22636f6e76657273696f6e223b4e3b733a31313a2274636d6967726174696f6e223b733a313a2230223b7d73656d5f6c6973747c733a303a22223b7265717565737465645f73657276696365737c613a313a7b693a303b733a323a223235223b7d726571756573745f636f73745f61727261797c613a323a7b733a32383a2254432026616d703b204d6967726174696f6e20436572746963617465223b693a303b733a31343a22506f7374616c2043686172676573223b693a303b7d636f737461727261797c613a393a7b733a31323a227472616e7363726970747335223b693a303b733a31333a227472616e736372697074733130223b693a303b733a31323a226465677265655f6365727469223b693a303b733a31353a22636f6e5f67726164655f7368656574223b693a303b733a31353a2273656d5f67726164655f7368656574223b693a303b733a31343a22626f6e61666964655f6365727469223b693a303b733a32313a226d656469756d5f6f665f696e737472756374696f6e223b693a303b733a31303a22636f6e76657273696f6e223b693a303b733a31313a2274636d6967726174696f6e223b733a313a2230223b7d70726963657c643a303b636865636b6564436f73747c733a343a2274727565223b7265715f69647c733a31363a2243533937373537303531383334363239223b75706c6f6164446174617c613a323a7b733a31343a227365636f6e646172795f74797065223b733a313a2231223b733a343a22646f6331223b733a31353a2250726f766973696f6e616c2e706466223b7d),
('978f793adb7362cf5c36557a988af8c0d3e7071b', '174.17.208.30', 1470906279, 0x73746570315f646174617c613a31313a7b733a343a226e616d65223b733a31343a2252616d6573682042756761746861223b733a363a22726f6c6c6e6f223b733a363a22435339373735223b733a31313a22636f757273655f74797065223b733a383a22422e20546563682e223b733a353a226261746368223b733a343a2232303133223b733a363a226272616e6368223b733a33303a22436f6d707574657220536369656e6365202620456e67696e656572696e67223b733a373a22636f756e747279223b733a353a22496e646961223b733a373a22636f6e74616374223b733a31333a222b312d34383038353933363633223b733a353a22656d61696c223b733a31363a227262756761746861406173752e656475223b733a373a2261646472657373223b733a37393a224275676174686120566173750d0a426865656d696c6920506f6c6963652053746174696f6e0d0a426865656d696c690d0a566973616b68617061746e616d20436974790d0a70696e20353331313633223b733a393a22697061646472657373223b733a31333a223137342e31372e3230382e3330223b733a393a22757365726167656e74223b733a37323a224d6f7a696c6c612f352e30202857696e646f7773204e5420362e313b20574f5736343b2072763a34372e3029204765636b6f2f32303130303130312046697265666f782f34372e30223b7d5f5f63695f6c6173745f726567656e65726174657c693a313437303930363236303b73656c65637465645f736372697074737c613a393a7b733a31313a227472616e73637269707473223b4e3b733a31323a226465677265655f6365727469223b4e3b733a31353a22636f6e5f67726164655f7368656574223b4e3b733a31353a2273656d5f67726164655f7368656574223b4e3b733a333a2273656d223b613a383a7b693a313b4e3b693a323b4e3b693a333b4e3b693a343b4e3b693a353b4e3b693a363b4e3b693a373b4e3b693a383b4e3b7d733a31343a22626f6e61666964655f6365727469223b4e3b733a32313a226d656469756d5f6f665f696e737472756374696f6e223b4e3b733a31303a22636f6e76657273696f6e223b4e3b733a31313a2274636d6967726174696f6e223b733a313a2230223b7d73656d5f6c6973747c733a303a22223b7265717565737465645f73657276696365737c613a313a7b693a303b733a323a223235223b7d726571756573745f636f73745f61727261797c613a323a7b733a32383a2254432026616d703b204d6967726174696f6e20436572746963617465223b693a303b733a31343a22506f7374616c2043686172676573223b693a303b7d636f737461727261797c613a393a7b733a31323a227472616e7363726970747335223b693a303b733a31333a227472616e736372697074733130223b693a303b733a31323a226465677265655f6365727469223b693a303b733a31353a22636f6e5f67726164655f7368656574223b693a303b733a31353a2273656d5f67726164655f7368656574223b693a303b733a31343a22626f6e61666964655f6365727469223b693a303b733a32313a226d656469756d5f6f665f696e737472756374696f6e223b693a303b733a31303a22636f6e76657273696f6e223b693a303b733a31313a2274636d6967726174696f6e223b733a313a2230223b7d70726963657c643a303b636865636b6564436f73747c733a343a2274727565223b7265715f69647c733a31363a2243533937373537303531383334363239223b75706c6f6164446174617c613a323a7b733a31343a227365636f6e646172795f74797065223b733a313a2231223b733a343a22646f6331223b733a31353a2250726f766973696f6e616c2e706466223b7d),
('27813d61c66ec053e8913f9051a1c5120792f83f', '14.139.187.225', 1470907672, 0x5f5f63695f6c6173745f726567656e65726174657c693a313437303930373637313b),
('170087d4fcb79a4be8c3b67a399c9405e7ba03b8', '172.20.0.99', 1470907848, 0x5f5f63695f6c6173745f726567656e65726174657c693a313437303930373834383b),
('c3920940be855d742c0f3fa9996ef3d1b0f1cebe', '64.233.172.171', 1470908716, 0x5f5f63695f6c6173745f726567656e65726174657c693a313437303930383731363b),
('21c17839250d26e9698d18b49bb5afe37545a56a', '64.233.172.163', 1470908726, 0x5f5f63695f6c6173745f726567656e65726174657c693a313437303930383732363b),
('486273aa2b3ad2c83cb9d98a3711d77743668421', '220.225.40.26', 1470914462, 0x5f5f63695f6c6173745f726567656e65726174657c693a313437303931343436323b),
('48c60a0abd1cf7b95a56c9a36c3fb205949cb539', '40.77.167.69', 1470914729, 0x5f5f63695f6c6173745f726567656e65726174657c693a313437303931343732393b),
('5d30ccb175b8642a4f5cca5bd31ba9438fc8c1a4', '182.75.76.122', 1470916240, 0x5f5f63695f6c6173745f726567656e65726174657c693a313437303931363035383b),
('4ba3d00c4f73ba08087f82d72432b73a09ab14ce', '117.193.139.13', 1470916221, 0x5f5f63695f6c6173745f726567656e65726174657c693a313437303931363038353b),
('654e6c60bb72aba9e8eea8f8186074ce7f9594c2', '138.246.2.10', 1470918416, 0x5f5f63695f6c6173745f726567656e65726174657c693a313437303931383431363b),
('f4ca6008528af434be41f33cee53a5ae59f719ec', '220.225.40.26', 1470918685, 0x5f5f63695f6c6173745f726567656e65726174657c693a313437303931383638353b),
('7f3c791a02a02ab699bc0f193fcfa0fdbb6315a9', '220.225.40.26', 1470918685, 0x5f5f63695f6c6173745f726567656e65726174657c693a313437303931383638353b),
('56e566c6408fec21873c78cf0e3b0f9eebaf3952', '220.225.40.26', 1470918686, 0x5f5f63695f6c6173745f726567656e65726174657c693a313437303931383638353b),
('e50b7a86e8c6888c60189540fa615e24a2d67233', '220.225.40.26', 1470918911, 0x5f5f63695f6c6173745f726567656e65726174657c693a313437303931383638363b),
('d318bfd1372fc36dbc52b5cc0fb984f9e2b3fc2e', '106.51.225.166', 1470932922, 0x5f5f63695f6c6173745f726567656e65726174657c693a313437303933323932323b),
('cdf8c9303a40b7b3ccc3521474a6cbe7b1d71e64', '124.123.82.94', 1470933898, 0x5f5f63695f6c6173745f726567656e65726174657c693a313437303933333738343b),
('977ae7dca90d277bfdd188f55ed93a6a96b9ac7a', '168.235.206.169', 1470936738, 0x5f5f63695f6c6173745f726567656e65726174657c693a313437303933363731393b),
('962aa44c8f5100e88143a8a0677a18191f2f265f', '172.30.0.22', 1470937078, 0x5f5f63695f6c6173745f726567656e65726174657c693a313437303933373037383b),
('1c675c85717dd6546d97be6327b50ce16949709e', '107.167.116.12', 1470937304, 0x5f5f63695f6c6173745f726567656e65726174657c693a313437303933373233313b),
('1db5edebb781b7b34258a5dda3665fa62cd6b310', '66.249.66.157', 1470938134, 0x5f5f63695f6c6173745f726567656e65726174657c693a313437303933383133343b),
('b31541983cbb1bef4ba2a6c4a9799f7772b4be53', '106.51.139.164', 1470938982, 0x5f5f63695f6c6173745f726567656e65726174657c693a313437303933383733303b),
('1d127f4956dab49247af100f591bcf79e935e32b', '106.51.139.164', 1470939679, 0x5f5f63695f6c6173745f726567656e65726174657c693a313437303933393637393b),
('6a41737a02bf98b588638850d78e12c3b253e86d', '49.204.230.98', 1470943199, 0x5f5f63695f6c6173745f726567656e65726174657c693a313437303934333139393b),
('05a6e0291d8d2afb18a8461f536a3a67ba0bcc53', '157.55.39.164', 1470951091, 0x5f5f63695f6c6173745f726567656e65726174657c693a313437303935313039313b),
('4ca65df9d4bef510db1056cc03911091478b527c', '157.55.39.164', 1470956071, 0x5f5f63695f6c6173745f726567656e65726174657c693a313437303935363037313b),
('47a0547f98c1d0b5f57b063f9e02602704380840', '8.37.232.98', 1470965277, 0x5f5f63695f6c6173745f726567656e65726174657c693a313437303936353237373b),
('f15f27d974d45bc293039b0bbe2e7a657e7b1667', '31.13.110.107', 1470966099, 0x5f5f63695f6c6173745f726567656e65726174657c693a313437303936363039393b),
('3156cb5a6fa84ea18b6e81bfa70fa055900317e6', '157.55.39.98', 1470968178, 0x5f5f63695f6c6173745f726567656e65726174657c693a313437303936383137383b),
('995bd8d757c1d47c1078ebd07141d051f0905052', '133.18.48.81', 1470972319, 0x5f5f63695f6c6173745f726567656e65726174657c693a313437303937323331393b),
('2f931803f44e759607a622c2f5a8725c1fa4d95c', '133.18.48.81', 1470973383, 0x5f5f63695f6c6173745f726567656e65726174657c693a313437303937333338333b),
('465caf69d52e51819f00fafe190f00fa259efd7f', '49.205.64.191', 1470974075, 0x5f5f63695f6c6173745f726567656e65726174657c693a313437303937343035373b),
('7d9f2d9370fff7f5a46ee3225f9201913cac6d37', '168.235.207.71', 1470974575, 0x5f5f63695f6c6173745f726567656e65726174657c693a313437303937343530353b),
('3dcf4c888053e8561f626bb3e2f89314a4e44570', '223.96.146.227', 1470975858, 0x5f5f63695f6c6173745f726567656e65726174657c693a313437303937353835373b),
('7e7d2bb76c4acab8a2ff69193569598f84dbb5d3', '172.20.0.1', 1470976079, 0x5f5f63695f6c6173745f726567656e65726174657c693a313437303937363037393b),
('20fdef5bdd710fe0d4fe6dc11129c2eb9896b7e4', '203.123.157.22', 1470977757, 0x5f5f63695f6c6173745f726567656e65726174657c693a313437303937373735373b),
('adb473aec28419b1f5f4c41c8ead3744ee36ce12', '203.123.157.22', 1470977922, 0x5f5f63695f6c6173745f726567656e65726174657c693a313437303937373831313b),
('abfdf580ba8bb013cf4b1fe9a78bd2c0f8a0a9c0', '204.236.226.210', 1470978800, 0x5f5f63695f6c6173745f726567656e65726174657c693a313437303937383830303b),
('859845f8f8ade8c8e680a2cb923915845e89e020', '204.236.226.210', 1470979422, 0x5f5f63695f6c6173745f726567656e65726174657c693a313437303937393432323b),
('eca6dca5f345d8f841f3ea2f12b513c4d96f5ae6', '119.235.50.3', 1470980487, 0x5f5f63695f6c6173745f726567656e65726174657c693a313437303938303438373b),
('c545b560f2ec0d73878a4473e0dfab7bf03a1f4e', '223.231.39.35', 1470980807, 0x5f5f63695f6c6173745f726567656e65726174657c693a313437303938303830373b),
('ace7c3aa195b5eb606158913509402b9602c1954', '223.231.39.35', 1470980807, 0x5f5f63695f6c6173745f726567656e65726174657c693a313437303938303830373b),
('6a13c6300013444b94a9987195e05e5880276934', '203.217.145.238', 1470981475, 0x5f5f63695f6c6173745f726567656e65726174657c693a313437303938313437353b),
('a56b04fdd8356af01eb8d2baf9eca888d0080195', '204.236.226.210', 1470982836, 0x5f5f63695f6c6173745f726567656e65726174657c693a313437303938323833363b),
('3369ed36e656318715f8531846e20e62d16efbd3', '204.236.226.210', 1470982992, 0x5f5f63695f6c6173745f726567656e65726174657c693a313437303938323939323b),
('b05ee28a204d690736fded65e406a020b8d3ab17', '223.176.41.223', 1470988173, 0x5f5f63695f6c6173745f726567656e65726174657c693a313437303938383136383b),
('44f646303f4cf4244675a1a33814ae7e431f7de5', '220.225.40.26', 1470996234, 0x5f5f63695f6c6173745f726567656e65726174657c693a313437303939353935333b),
('3f79d582759e838e3be043f8bd615dcaf8cdce58', '220.225.40.26', 1470996267, 0x5f5f63695f6c6173745f726567656e65726174657c693a313437303939363236373b),
('cf46397d0af2282f082ca2d97307d308cd4ed6c6', '220.225.40.26', 1470996267, 0x5f5f63695f6c6173745f726567656e65726174657c693a313437303939363236373b),
('d82a0d9bd96ea7976603c4c9b6eddc4611cecff1', '220.225.40.26', 1470996268, 0x5f5f63695f6c6173745f726567656e65726174657c693a313437303939363236373b),
('07a8dfb7cfc7293080a948331eb85e696df1fa79', '220.225.40.26', 1470996294, 0x5f5f63695f6c6173745f726567656e65726174657c693a313437303939363236383b),
('5f861f539afedaf3d30fc2cb0519aaaf31ce34ae', '40.77.167.69', 1470996833, 0x5f5f63695f6c6173745f726567656e65726174657c693a313437303939363833333b),
('c4da2a01c5e20597453faed806956f75f0bc44c3', '49.205.64.191', 1470998048, 0x5f5f63695f6c6173745f726567656e65726174657c693a313437303939383031303b),
('639d6eb868af26d7b3b0b80d95c8ae663de54a33', '157.55.39.164', 1470998482, 0x5f5f63695f6c6173745f726567656e65726174657c693a313437303939383438323b),
('32cdf4ced8e49cc2e118bcb9b3e63e15c6deef70', '59.88.137.42', 1470999598, 0x5f5f63695f6c6173745f726567656e65726174657c693a313437303939393539383b),
('e01c89149e076ef434f8ac4389e70907923f9fb4', '64.233.172.163', 1470999658, 0x5f5f63695f6c6173745f726567656e65726174657c693a313437303939393635383b),
('171166f458a87792ad092c566fa08a695302a777', '64.233.172.163', 1470999659, 0x5f5f63695f6c6173745f726567656e65726174657c693a313437303939393635393b),
('03db2f3730a2f777247d7a9e18a15fd5770ee4bf', '64.233.172.163', 1470999659, 0x5f5f63695f6c6173745f726567656e65726174657c693a313437303939393635393b),
('10a4e0c1a498ce085d251a49f3e2269493b627ef', '64.233.172.163', 1470999659, 0x5f5f63695f6c6173745f726567656e65726174657c693a313437303939393635393b),
('5974df0a043ec29cdf4ad2ee41d42cbb85d276f6', '64.233.172.155', 1470999661, 0x5f5f63695f6c6173745f726567656e65726174657c693a313437303939393636313b),
('322ea3f2eadbf4a1b155a590d0fc6af01acdeff7', '64.233.172.163', 1470999661, 0x5f5f63695f6c6173745f726567656e65726174657c693a313437303939393636313b),
('16851599c5cbcce1f3e610ffa13f38ac915804fe', '64.233.172.155', 1470999661, 0x5f5f63695f6c6173745f726567656e65726174657c693a313437303939393636313b),
('e1d43c051cc6af3941da17eea50e1faa2f12a948', '64.233.172.171', 1470999661, 0x5f5f63695f6c6173745f726567656e65726174657c693a313437303939393636313b),
('8801abed76a4dde8ef168cc12f62fd2234578af7', '103.48.69.46', 1471001149, 0x5f5f63695f6c6173745f726567656e65726174657c693a313437313030313134383b),
('937cee682041d5ad8c9a6483f40b9551b73ece8f', '64.233.173.206', 1471001475, 0x5f5f63695f6c6173745f726567656e65726174657c693a313437313030313437353b),
('b86a2e520fea485f7c9640503f21797b042d05dd', '64.233.173.214', 1471001475, 0x5f5f63695f6c6173745f726567656e65726174657c693a313437313030313437353b),
('876b60fda19049b3b794e48fd5be8ebc436b22e1', '64.233.173.206', 1471001475, 0x5f5f63695f6c6173745f726567656e65726174657c693a313437313030313437353b),
('dd62b319241097ccda70475572c3f8b5f2999861', '64.233.173.214', 1471001475, 0x5f5f63695f6c6173745f726567656e65726174657c693a313437313030313437353b),
('f870df7404a7ce366066b0949bd65072d4501d5d', '64.233.173.206', 1471001477, 0x5f5f63695f6c6173745f726567656e65726174657c693a313437313030313437373b),
('3198a35ece29149501939dee5996db88b75f8e57', '64.233.173.214', 1471001477, 0x5f5f63695f6c6173745f726567656e65726174657c693a313437313030313437373b),
('7706e2b6aab7f923c895a2be506d732e7be6c553', '64.233.173.214', 1471001477, 0x5f5f63695f6c6173745f726567656e65726174657c693a313437313030313437373b),
('616aa49dfe01f92192803ed5809d5683b2520cb9', '64.233.173.210', 1471001477, 0x5f5f63695f6c6173745f726567656e65726174657c693a313437313030313437373b),
('5082dd8458902f091011ad6faeda0f9b95209e65', '64.233.173.214', 1471001492, 0x5f5f63695f6c6173745f726567656e65726174657c693a313437313030313439323b),
('083c88b48e85dae100776e79c8a75e0981435dd3', '64.233.173.210', 1471001492, 0x5f5f63695f6c6173745f726567656e65726174657c693a313437313030313439323b),
('ecd842cb966726d9e2b51e136f66ce4a7de1248b', '64.233.173.214', 1471001492, 0x5f5f63695f6c6173745f726567656e65726174657c693a313437313030313439323b),
('2509cb93bacb4695c21fc3630dab01f4295ba6d5', '64.233.173.206', 1471001492, 0x5f5f63695f6c6173745f726567656e65726174657c693a313437313030313439323b),
('a42ac2a63f389df7f3492080f8687227213022f4', '117.193.152.241', 1471002652, 0x5f5f63695f6c6173745f726567656e65726174657c693a313437313030323632363b),
('27640885056343a13be2998bb3dfbfcea72b8f55', '14.139.231.9', 1471008034, 0x5f5f63695f6c6173745f726567656e65726174657c693a313437313030373932343b),
('de3f968cdbaa76eea8f3b66728523b8fd3490692', '107.167.106.183', 1471008233, 0x5f5f63695f6c6173745f726567656e65726174657c693a313437313030383233333b),
('d8f42a9969389c5a4d67e6e4eaa45187accc5a25', '107.167.116.129', 1471011076, 0x5f5f63695f6c6173745f726567656e65726174657c693a313437313031313037363b),
('b6213b1efe6afbc3728073dbbf7aa67394e95426', '194.187.170.104', 1471013140, 0x5f5f63695f6c6173745f726567656e65726174657c693a313437313031333134303b),
('c3a3fa4b1a339983b46ded2723e98c18cf60f03e', '194.187.170.104', 1471013213, 0x5f5f63695f6c6173745f726567656e65726174657c693a313437313031333231333b),
('d856f35044490e53d2ccafb05d483dca540f94f4', '8.37.232.41', 1471014999, 0x5f5f63695f6c6173745f726567656e65726174657c693a313437313031343939383b),
('dd02b876352326d7f907c81628347d1e2cff2428', '182.69.110.160', 1471016882, 0x5f5f63695f6c6173745f726567656e65726174657c693a313437313031363837363b),
('a90977b6e07a43a2f14d7eaae5ac6d765cf245c5', '220.158.128.254', 1471019791, 0x5f5f63695f6c6173745f726567656e65726174657c693a313437313031393736393b),
('d1cb632679a95ff839db7d8ca91953894bc666a5', '172.30.0.17', 1471021557, 0x5f5f63695f6c6173745f726567656e65726174657c693a313437313032313535373b),
('29764a5dd0f9da5199474a09f3490465fde169cb', '31.151.68.188', 1471023428, 0x5f5f63695f6c6173745f726567656e65726174657c693a313437313032333432383b),
('a868090059af212836858147684eadd0bdf53058', '31.151.68.188', 1471023486, 0x5f5f63695f6c6173745f726567656e65726174657c693a313437313032333438363b),
('ccc038090daa9b02c09f39b87f9ab83cbe762915', '31.151.68.188', 1471023487, 0x5f5f63695f6c6173745f726567656e65726174657c693a313437313032333438373b),
('b7f8dfa8b85562eef25b06ad9f14de233fdaba60', '31.151.68.188', 1471023487, 0x5f5f63695f6c6173745f726567656e65726174657c693a313437313032333438373b),
('407e15168b6ab8c7ce114a076621ade60d3c74af', '31.151.68.188', 1471023487, 0x5f5f63695f6c6173745f726567656e65726174657c693a313437313032333438373b),
('c2ce9e5e9dd4c0ca3e786eec552034e398919285', '68.180.231.42', 1471024899, 0x5f5f63695f6c6173745f726567656e65726174657c693a313437313032343839393b),
('73de8ff426541356c2adc98ba354b7eac380bd1f', '68.180.231.42', 1471025292, 0x5f5f63695f6c6173745f726567656e65726174657c693a313437313032353239323b),
('f889649567c06a79ec360a232511cdeb454a09f9', '103.241.143.35', 1471026476, 0x5f5f63695f6c6173745f726567656e65726174657c693a313437313032363435393b),
('94bd18057ab2dd46f841605d403049a08be8d6f7', '106.220.36.45', 1471027237, 0x5f5f63695f6c6173745f726567656e65726174657c693a313437313032373233373b),
('62de619d1ef9d54296d20c27d3083dbcb46426d2', '174.17.208.30', 1471031738, 0x5f5f63695f6c6173745f726567656e65726174657c693a313437313033313631303b),
('9e482e4e6033ee24811830381e6603986e45e2a1', '157.55.39.177', 1471035177, 0x5f5f63695f6c6173745f726567656e65726174657c693a313437313033353137373b);
INSERT INTO `ci_sessions` (`id`, `ip_address`, `timestamp`, `data`) VALUES
('9070476b37895505c0a9ac5424f3c794901adebd', '31.151.68.188', 1471047853, 0x5f5f63695f6c6173745f726567656e65726174657c693a313437313034373835333b),
('1a0fc6a37d2cb558bb5324045a10b27ac818308c', '66.249.79.145', 1471051380, 0x5f5f63695f6c6173745f726567656e65726174657c693a313437313035313338303b),
('ef521d900c8f896d1f8c076dfe45c4e51ac914c1', '49.205.64.191', 1471052698, 0x5f5f63695f6c6173745f726567656e65726174657c693a313437313035323639383b),
('0b47b5bdcf6a08d677ca9790823ccec6f520693b', '71.178.184.31', 1471059720, 0x5f5f63695f6c6173745f726567656e65726174657c693a313437313035393731393b),
('9edbeb5cd0d92dd393466474da10d9ffbdfb4948', '71.178.184.31', 1471059720, 0x5f5f63695f6c6173745f726567656e65726174657c693a313437313035393731393b),
('fa7498854acb2899485bfcd7b16efab10b25bf36', '71.178.184.31', 1471059960, 0x5f5f63695f6c6173745f726567656e65726174657c693a313437313035393731393b),
('a0d561681e170bcec483bc47f72ef66a1b4b89ca', '71.178.184.31', 1471059720, 0x5f5f63695f6c6173745f726567656e65726174657c693a313437313035393732303b),
('89976b2c9ebce3d0111f5e6461e012c653dd6b6d', '183.83.22.131', 1471062607, 0x5f5f63695f6c6173745f726567656e65726174657c693a313437313036323630373b),
('92e6d1ecca332c4418d2f61f2a56ee48ecde5c19', '116.202.249.11', 1471064893, 0x5f5f63695f6c6173745f726567656e65726174657c693a313437313036343833333b),
('4e8a48dccac28dd3438f908926b678c4ba7f259a', '66.249.79.131', 1471067281, 0x5f5f63695f6c6173745f726567656e65726174657c693a313437313036373238313b),
('2a22beb5062419d07db1c8a56df335f172d2f3ca', '157.55.39.164', 1471068842, 0x5f5f63695f6c6173745f726567656e65726174657c693a313437313036383834323b),
('2a99506472ea3b10bcff74564b425d06ebdf671d', '157.55.39.98', 1471069819, 0x5f5f63695f6c6173745f726567656e65726174657c693a313437313036393831383b),
('17bfb14078e4a578b403639b55d939489c16eb11', '66.249.79.141', 1471071242, 0x5f5f63695f6c6173745f726567656e65726174657c693a313437313037313234323b),
('b9884fd46eb92ccce6915e71353ae1a5a7f81b80', '66.249.79.141', 1471073637, 0x5f5f63695f6c6173745f726567656e65726174657c693a313437313037333633373b),
('3cab30d2b8eb9cba762213e2febc736fcc507afd', '64.233.173.206', 1471074428, 0x5f5f63695f6c6173745f726567656e65726174657c693a313437313037343239313b),
('912f27bddafe63611305c2bd02fc9e648e97ccb7', '210.212.67.49', 1471074322, 0x5f5f63695f6c6173745f726567656e65726174657c693a313437313037343332323b),
('876c644d25b421bf20c320b848345de11244653e', '64.233.173.206', 1471075270, 0x5f5f63695f6c6173745f726567656e65726174657c693a313437313037353237303b),
('6f52808f493ffa7ee35c0574bd96210a3a25553e', '64.79.85.205', 1471075444, 0x5f5f63695f6c6173745f726567656e65726174657c693a313437313037353434343b),
('888388232196e8bdac86cc62de62ad7e724818b0', '49.206.211.111', 1471076285, 0x5f5f63695f6c6173745f726567656e65726174657c693a313437313037363236393b),
('10e573931b6c374b4de34bc3a83095ee5789cada', '122.166.153.134', 1471077530, 0x73746570315f646174617c613a31313a7b733a343a226e616d65223b733a31353a225052415348414e542053524952414d223b733a363a22726f6c6c6e6f223b733a383a225547313033323339223b733a31313a22636f757273655f74797065223b733a383a22422e20546563682e223b733a353a226261746368223b733a343a2232303130223b733a363a226272616e6368223b733a32323a224d656368616e6963616c20456e67696e656572696e67223b733a373a22636f756e747279223b733a353a22496e646961223b733a373a22636f6e74616374223b733a31303a2238383937313731323637223b733a353a22656d61696c223b733a32323a227072617368616e743139393240676d61696c2e636f6d223b733a373a2261646472657373223b733a39343a2245332d3230342c205368726972616d20536872657961732041706172746d656e74730d0a74656c65636f6d20636f6c6f6e792c204b6f6469676568616c6c692c2042656e67616c7572752c204b61726e6174616b61202d20353630303937223b733a393a22697061646472657373223b733a31353a223132322e3136362e3135332e313334223b733a393a22757365726167656e74223b733a3131343a224d6f7a696c6c612f352e30202857696e646f7773204e5420362e333b2057696e36343b2078363429204170706c655765624b69742f3533372e333620284b48544d4c2c206c696b65204765636b6f29204368726f6d652f35322e302e323734332e313136205361666172692f3533372e3336223b7d5f5f63695f6c6173745f726567656e65726174657c693a313437313037373233323b73656c65637465645f736372697074737c613a393a7b733a31313a227472616e73637269707473223b4e3b733a31323a226465677265655f6365727469223b4e3b733a31353a22636f6e5f67726164655f7368656574223b4e3b733a31353a2273656d5f67726164655f7368656574223b4e3b733a333a2273656d223b613a383a7b693a313b4e3b693a323b4e3b693a333b4e3b693a343b4e3b693a353b4e3b693a363b4e3b693a373b4e3b693a383b4e3b7d733a31343a22626f6e61666964655f6365727469223b4e3b733a32313a226d656469756d5f6f665f696e737472756374696f6e223b4e3b733a31303a22636f6e76657273696f6e223b4e3b733a31313a2274636d6967726174696f6e223b733a313a2230223b7d73656d5f6c6973747c733a303a22223b7265717565737465645f73657276696365737c613a313a7b693a303b733a323a223235223b7d726571756573745f636f73745f61727261797c613a323a7b733a32383a2254432026616d703b204d6967726174696f6e20436572746963617465223b693a303b733a31343a22506f7374616c2043686172676573223b693a303b7d636f737461727261797c613a393a7b733a31323a227472616e7363726970747335223b693a303b733a31333a227472616e736372697074733130223b693a303b733a31323a226465677265655f6365727469223b693a303b733a31353a22636f6e5f67726164655f7368656574223b693a303b733a31353a2273656d5f67726164655f7368656574223b693a303b733a31343a22626f6e61666964655f6365727469223b693a303b733a32313a226d656469756d5f6f665f696e737472756374696f6e223b693a303b733a31303a22636f6e76657273696f6e223b693a303b733a31313a2274636d6967726174696f6e223b733a313a2230223b7d70726963657c643a303b636865636b6564436f73747c733a343a2274727565223b7265715f69647c733a31363a2255473130333233393233343739303135223b75706c6f6164446174617c613a323a7b733a31343a227365636f6e646172795f74797065223b733a313a2233223b733a343a22646f6331223b733a32333a2264656772656526636f6e736f6c6964617465642e726172223b7d),
('8cdbd209ef05b9ec62a63ea646ff49a68d4b96b1', '117.240.238.243', 1471077437, 0x5f5f63695f6c6173745f726567656e65726174657c693a313437313037373433373b),
('9c6e48f094bb0dbf44c3b5e434168840dce5eca4', '122.166.153.134', 1471077689, 0x73746570315f646174617c613a31313a7b733a343a226e616d65223b733a31353a225052415348414e542053524952414d223b733a363a22726f6c6c6e6f223b733a383a225547313033323339223b733a31313a22636f757273655f74797065223b733a383a22422e20546563682e223b733a353a226261746368223b733a343a2232303130223b733a363a226272616e6368223b733a32323a224d656368616e6963616c20456e67696e656572696e67223b733a373a22636f756e747279223b733a353a22496e646961223b733a373a22636f6e74616374223b733a31303a2238383937313731323637223b733a353a22656d61696c223b733a32323a227072617368616e743139393240676d61696c2e636f6d223b733a373a2261646472657373223b733a39343a2245332d3230342c205368726972616d20536872657961732041706172746d656e74730d0a74656c65636f6d20636f6c6f6e792c204b6f6469676568616c6c692c2042656e67616c7572752c204b61726e6174616b61202d20353630303937223b733a393a22697061646472657373223b733a31353a223132322e3136362e3135332e313334223b733a393a22757365726167656e74223b733a3131343a224d6f7a696c6c612f352e30202857696e646f7773204e5420362e333b2057696e36343b2078363429204170706c655765624b69742f3533372e333620284b48544d4c2c206c696b65204765636b6f29204368726f6d652f35322e302e323734332e313136205361666172692f3533372e3336223b7d5f5f63695f6c6173745f726567656e65726174657c693a313437313037373637373b73656c65637465645f736372697074737c613a393a7b733a31313a227472616e73637269707473223b4e3b733a31323a226465677265655f6365727469223b4e3b733a31353a22636f6e5f67726164655f7368656574223b4e3b733a31353a2273656d5f67726164655f7368656574223b4e3b733a333a2273656d223b613a383a7b693a313b4e3b693a323b4e3b693a333b4e3b693a343b4e3b693a353b4e3b693a363b4e3b693a373b4e3b693a383b4e3b7d733a31343a22626f6e61666964655f6365727469223b4e3b733a32313a226d656469756d5f6f665f696e737472756374696f6e223b4e3b733a31303a22636f6e76657273696f6e223b4e3b733a31313a2274636d6967726174696f6e223b733a313a2230223b7d73656d5f6c6973747c733a303a22223b7265717565737465645f73657276696365737c613a313a7b693a303b733a323a223235223b7d726571756573745f636f73745f61727261797c613a323a7b733a32383a2254432026616d703b204d6967726174696f6e20436572746963617465223b693a303b733a31343a22506f7374616c2043686172676573223b693a303b7d636f737461727261797c613a393a7b733a31323a227472616e7363726970747335223b693a303b733a31333a227472616e736372697074733130223b693a303b733a31323a226465677265655f6365727469223b693a303b733a31353a22636f6e5f67726164655f7368656574223b693a303b733a31353a2273656d5f67726164655f7368656574223b693a303b733a31343a22626f6e61666964655f6365727469223b693a303b733a32313a226d656469756d5f6f665f696e737472756374696f6e223b693a303b733a31303a22636f6e76657273696f6e223b693a303b733a31313a2274636d6967726174696f6e223b733a313a2230223b7d70726963657c643a303b636865636b6564436f73747c733a343a2274727565223b7265715f69647c733a31363a2255473130333233393233343739303135223b75706c6f6164446174617c613a323a7b733a31343a227365636f6e646172795f74797065223b733a313a2233223b733a343a22646f6331223b733a32333a2264656772656526636f6e736f6c6964617465642e726172223b7d),
('7dee8143f7ae19273b2317b57b3e955ee05f0471', '122.166.153.134', 1471077831, 0x73746570315f646174617c613a31313a7b733a343a226e616d65223b733a31353a225072617368616e742053726972616d223b733a363a22726f6c6c6e6f223b733a383a225547313033323339223b733a31313a22636f757273655f74797065223b733a383a22422e20546563682e223b733a353a226261746368223b733a343a2232303130223b733a363a226272616e6368223b733a32323a224d656368616e6963616c20456e67696e656572696e67223b733a373a22636f756e747279223b733a353a22496e646961223b733a373a22636f6e74616374223b733a31303a2238383937313731323637223b733a353a22656d61696c223b733a32323a227072617368616e743139393240676d61696c2e636f6d223b733a373a2261646472657373223b733a39333a22453320323034205368726972616d20536872657961732041706172746d656e74732c2054656c65636f6d20436f6c6f6e792c204b6f6469676568616c6c692c2042656e67616c7572752c204b61726e6174616b61202d20353630303937223b733a393a22697061646472657373223b733a31353a223132322e3136362e3135332e313334223b733a393a22757365726167656e74223b733a37353a224d6f7a696c6c612f352e30202857696e646f7773204e5420362e333b20574f5736343b2054726964656e742f372e303b20546f7563683b2072763a31312e3029206c696b65204765636b6f223b7d5f5f63695f6c6173745f726567656e65726174657c693a313437313037373832373b73656c65637465645f736372697074737c613a393a7b733a31313a227472616e73637269707473223b4e3b733a31323a226465677265655f6365727469223b4e3b733a31353a22636f6e5f67726164655f7368656574223b4e3b733a31353a2273656d5f67726164655f7368656574223b4e3b733a333a2273656d223b613a383a7b693a313b4e3b693a323b4e3b693a333b4e3b693a343b4e3b693a353b4e3b693a363b4e3b693a373b4e3b693a383b4e3b7d733a31343a22626f6e61666964655f6365727469223b4e3b733a32313a226d656469756d5f6f665f696e737472756374696f6e223b4e3b733a31303a22636f6e76657273696f6e223b4e3b733a31313a2274636d6967726174696f6e223b733a313a2230223b7d73656d5f6c6973747c733a303a22223b7265717565737465645f73657276696365737c613a313a7b693a303b733a323a223235223b7d726571756573745f636f73745f61727261797c613a323a7b733a32383a2254432026616d703b204d6967726174696f6e20436572746963617465223b693a303b733a31343a22506f7374616c2043686172676573223b693a303b7d636f737461727261797c613a393a7b733a31323a227472616e7363726970747335223b693a303b733a31333a227472616e736372697074733130223b693a303b733a31323a226465677265655f6365727469223b693a303b733a31353a22636f6e5f67726164655f7368656574223b693a303b733a31353a2273656d5f67726164655f7368656574223b693a303b733a31343a22626f6e61666964655f6365727469223b693a303b733a32313a226d656469756d5f6f665f696e737472756374696f6e223b693a303b733a31303a22636f6e76657273696f6e223b693a303b733a31313a2274636d6967726174696f6e223b733a313a2230223b7d70726963657c643a303b636865636b6564436f73747c733a343a2274727565223b),
('e8b54a7fabf7f6620272ccac1fa23671ddc09e93', '66.249.79.141', 1471080293, 0x5f5f63695f6c6173745f726567656e65726174657c693a313437313038303239333b),
('ad93fde4d18299d2028a8c88cec7003d8ea92fe9', '64.233.173.214', 1471080562, 0x5f5f63695f6c6173745f726567656e65726174657c693a313437313038303536323b),
('c5afa5b829541ba1d415285f2fa04d54cf432be8', '68.180.231.42', 1471083837, 0x5f5f63695f6c6173745f726567656e65726174657c693a313437313038333833373b),
('648df64f7b143b31c52ba1c1d315674a3759c038', '164.132.161.78', 1471083933, 0x5f5f63695f6c6173745f726567656e65726174657c693a313437313038333933333b),
('0d411008164160789ef433b07248e39ba3113de0', '66.249.79.163', 1471084561, 0x5f5f63695f6c6173745f726567656e65726174657c693a313437313038343536313b),
('53770e4292b56a4ec13b7054f9fe0f7cd8b50581', '2.91.102.42', 1471086370, 0x73746570315f646174617c613a31313a7b733a343a226e616d65223b733a31383a2253617169622053756861696c2041686d6164223b733a363a22726f6c6c6e6f223b733a383a225547313031313439223b733a31313a22636f757273655f74797065223b733a383a22422e20546563682e223b733a353a226261746368223b733a343a2232303135223b733a363a226272616e6368223b733a31373a22436976696c20456e67696e656572696e67223b733a373a22636f756e747279223b733a353a22496e646961223b733a373a22636f6e74616374223b733a31333a222b393636353335323332343834223b733a353a22656d61696c223b733a32303a22736171756962732e616840676d61696c2e636f6d223b733a373a2261646472657373223b733a37373a22342f3136362c204d757374616661204d616e7a696c2c2056697368616c204b68616e642c20476f6d74696e6761720d0a4c75636b6e6f77203232363031300d0a55747461722050726164657368223b733a393a22697061646472657373223b733a31313a22322e39312e3130322e3432223b733a393a22757365726167656e74223b733a3132383a224d6f7a696c6c612f352e30202857696e646f7773204e542031302e303b20574f57363429204170706c655765624b69742f3533372e333620284b48544d4c2c206c696b65204765636b6f29204368726f6d652f34332e302e323335372e313330205361666172692f3533372e3336204f50522f33302e302e313833352e313235223b7d5f5f63695f6c6173745f726567656e65726174657c693a313437313038363336343b73656c65637465645f736372697074737c613a393a7b733a31313a227472616e73637269707473223b4e3b733a31323a226465677265655f6365727469223b4e3b733a31353a22636f6e5f67726164655f7368656574223b733a313a2230223b733a31353a2273656d5f67726164655f7368656574223b4e3b733a333a2273656d223b613a383a7b693a313b4e3b693a323b4e3b693a333b4e3b693a343b4e3b693a353b4e3b693a363b4e3b693a373b4e3b693a383b4e3b7d733a31343a22626f6e61666964655f6365727469223b4e3b733a32313a226d656469756d5f6f665f696e737472756374696f6e223b4e3b733a31303a22636f6e76657273696f6e223b4e3b733a31313a2274636d6967726174696f6e223b733a313a2230223b7d73656d5f6c6973747c733a303a22223b7265717565737465645f73657276696365737c613a313a7b693a303b733a323a223235223b7d726571756573745f636f73745f61727261797c613a333a7b733a33343a22436f6e736f6c696461746564204772616465205368656574732d4f726967696e616c223b693a303b733a32383a2254432026616d703b204d6967726174696f6e20436572746963617465223b693a303b733a31343a22506f7374616c2043686172676573223b693a303b7d636f737461727261797c613a393a7b733a31323a227472616e7363726970747335223b693a303b733a31333a227472616e736372697074733130223b693a303b733a31323a226465677265655f6365727469223b693a303b733a31353a22636f6e5f67726164655f7368656574223b693a303b733a31353a2273656d5f67726164655f7368656574223b693a303b733a31343a22626f6e61666964655f6365727469223b693a303b733a32313a226d656469756d5f6f665f696e737472756374696f6e223b693a303b733a31303a22636f6e76657273696f6e223b693a303b733a31313a2274636d6967726174696f6e223b733a313a2230223b7d70726963657c643a303b636865636b6564436f73747c733a343a2274727565223b),
('507e99fa1fa702dc1239449edc1a0b864cecf521', '172.20.0.1', 1471090347, 0x5f5f63695f6c6173745f726567656e65726174657c693a313437313039303239303b),
('a7cbc56d02ea64a11bd4dc769a8bb17fc2882925', '107.167.108.116', 1471093317, 0x5f5f63695f6c6173745f726567656e65726174657c693a313437313039333331373b),
('43abf85e16f33e803d3dfc684d176139a57867f5', '183.83.170.163', 1471096124, 0x5f5f63695f6c6173745f726567656e65726174657c693a313437313039363132343b),
('ce651ffe8e76c7d7521dd1308d0300078887704f', '116.72.215.114', 1471106464, 0x5f5f63695f6c6173745f726567656e65726174657c693a313437313130363436343b),
('2e42fec78e983cf0c46ec7f76fbd0a1dabb21524', '172.30.0.20', 1471106995, 0x5f5f63695f6c6173745f726567656e65726174657c693a313437313130363937323b),
('eeb6f9b50bd4c48f9e6c4bea11fcc9785bb47358', '172.30.0.10', 1471108438, 0x5f5f63695f6c6173745f726567656e65726174657c693a313437313130383433383b),
('44bdef748dba7339f8a61f3873c1762aa5dd2a99', '194.187.170.122', 1471109079, 0x5f5f63695f6c6173745f726567656e65726174657c693a313437313130393037393b),
('695a54fc0268ea08e9b389a6eb50ba2faed2c201', '172.30.0.26', 1471109321, 0x5f5f63695f6c6173745f726567656e65726174657c693a313437313130393236393b),
('4c03a3b546735e3beddf28c63d7ec1addc6f14d9', '89.148.4.231', 1471111990, 0x5f5f63695f6c6173745f726567656e65726174657c693a313437313131313939303b),
('c49b12d32bc64a6a565973a305ca72aa7d31b2ff', '89.148.4.231', 1471112980, 0x5f5f63695f6c6173745f726567656e65726174657c693a313437313131323839383b),
('f9b55bd9137d62bdf9a6dd34a9f94867f47df9c8', '45.55.170.38', 1471114128, 0x5f5f63695f6c6173745f726567656e65726174657c693a313437313131343132383b),
('ffeb7986f4c651041bcdb519847e96723cdeb60d', '66.249.79.158', 1471114474, 0x5f5f63695f6c6173745f726567656e65726174657c693a313437313131343437343b),
('8eb35bb627309fa9b3df73c61eb82ef114427743', '45.55.170.38', 1471114799, 0x5f5f63695f6c6173745f726567656e65726174657c693a313437313131343739393b),
('c7360c70af920fa1846472035eb0c834575887aa', '45.55.170.38', 1471114808, 0x5f5f63695f6c6173745f726567656e65726174657c693a313437313131343830383b),
('827e0913d32dbc68c4ea1743031c3793c23dd6c1', '203.88.135.243', 1471114961, 0x5f5f63695f6c6173745f726567656e65726174657c693a313437313131343936313b),
('434d1910b50240921158bc582bb5d745a32f39b0', '45.55.170.38', 1471115033, 0x5f5f63695f6c6173745f726567656e65726174657c693a313437313131353033333b),
('a429d82ab65c0b8180c20bc16a7d1c7670c6feef', '45.55.170.38', 1471115538, 0x5f5f63695f6c6173745f726567656e65726174657c693a313437313131353533383b),
('8248c0802749d726adcdf5f9b6789a8bb79ad1f5', '45.55.170.38', 1471115544, 0x5f5f63695f6c6173745f726567656e65726174657c693a313437313131353534343b),
('39e4a448d87af1fc6a503345cc1f202cd2bb930f', '45.55.170.38', 1471116278, 0x5f5f63695f6c6173745f726567656e65726174657c693a313437313131363237383b),
('aeac4b59d0114b033d34d53735c44862ba945bb8', '45.55.170.38', 1471123073, 0x5f5f63695f6c6173745f726567656e65726174657c693a313437313132333037333b),
('175c19eeb3396c5a0e0993ecd20f487764fae077', '38.130.96.169', 1471123105, 0x5f5f63695f6c6173745f726567656e65726174657c693a313437313132333130353b),
('a73fc21b7214bdf76b839fc1e42c7e6bdcf18eac', '38.130.96.169', 1471123110, 0x5f5f63695f6c6173745f726567656e65726174657c693a313437313132333131303b),
('d47388c88c1c3d7ef38f9b702e01b7b1fb9cde9d', '213.24.127.209', 1471126030, 0x5f5f63695f6c6173745f726567656e65726174657c693a313437313132363033303b),
('3e5b6705ce8593a7202b2b54cfab001170e21701', '141.8.142.6', 1471126046, 0x5f5f63695f6c6173745f726567656e65726174657c693a313437313132363034363b),
('9748aec7d7038dd462fe41da86e5c7b6299ca63e', '157.55.39.223', 1471131554, 0x5f5f63695f6c6173745f726567656e65726174657c693a313437313133313535343b),
('69a1a2501cc0a30c74528aaec45368fecbd16e38', '157.55.39.223', 1471131581, 0x5f5f63695f6c6173745f726567656e65726174657c693a313437313133313538313b),
('d974c3ae048a2914e73123676ec548ff4b8d3901', '66.249.79.141', 1471135909, 0x5f5f63695f6c6173745f726567656e65726174657c693a313437313133353930393b),
('7556615937f63b26acde0b4b2b62731bde7483e2', '45.55.170.38', 1471138183, 0x5f5f63695f6c6173745f726567656e65726174657c693a313437313133383138333b),
('9b3895be584f6acbf26d630d09c4610e316c033a', '45.55.170.38', 1471141383, 0x5f5f63695f6c6173745f726567656e65726174657c693a313437313134313338333b),
('2f59023f06a2f59e18a62fb9aa6be8ca6a4f4484', '49.15.128.103', 1471141878, 0x5f5f63695f6c6173745f726567656e65726174657c693a313437313134313837383b),
('15012ee02e67ec79000209c58499d0cda23dd968', '49.15.128.103', 1471141912, 0x5f5f63695f6c6173745f726567656e65726174657c693a313437313134313931323b),
('d8e6164efbe9f12e7b2c6af3b6255e8cfbab9af9', '49.15.128.103', 1471141925, 0x5f5f63695f6c6173745f726567656e65726174657c693a313437313134313932353b),
('2735b5f8cdac9d396cac9d7ce80abede1c549a51', '66.249.79.131', 1471145094, 0x5f5f63695f6c6173745f726567656e65726174657c693a313437313134353039343b),
('f7b8b73cebf8656c047348476aaa9c76bd4cf665', '64.233.173.214', 1471151714, 0x5f5f63695f6c6173745f726567656e65726174657c693a313437313135313731343b),
('14bd6a5032c42d0d566b066a283bdaee717f7d20', '64.233.173.206', 1471151714, 0x5f5f63695f6c6173745f726567656e65726174657c693a313437313135313731343b),
('7bcbe6bf2cfb38a45a8e3f1b877fd34942a313d5', '64.233.173.206', 1471151715, 0x5f5f63695f6c6173745f726567656e65726174657c693a313437313135313731353b),
('45064f1253e9c5c86efb96c4ebfb54a164104f3b', '64.233.173.206', 1471151715, 0x5f5f63695f6c6173745f726567656e65726174657c693a313437313135313731353b),
('499cbf99b4c4d2b626884b6d30fcb27980cd2c06', '64.233.173.206', 1471151737, 0x5f5f63695f6c6173745f726567656e65726174657c693a313437313135313733373b),
('8e777a26cb285bb9b5c2f50226e57ebafb9937c6', '64.233.173.210', 1471151737, 0x5f5f63695f6c6173745f726567656e65726174657c693a313437313135313733373b),
('d7127712d00756b2d1a56268694ce2f5b04ef6c5', '64.233.173.206', 1471151737, 0x5f5f63695f6c6173745f726567656e65726174657c693a313437313135313733373b),
('bd2e51de30cb78992cf2d48b848e2093a33a0c4c', '64.233.173.206', 1471151737, 0x5f5f63695f6c6173745f726567656e65726174657c693a313437313135313733373b),
('0f04e4fff14a94ed328d267facc89dbf6060ea97', '64.233.173.210', 1471151763, 0x5f5f63695f6c6173745f726567656e65726174657c693a313437313135313736333b),
('d82a9db44d4f4b3ed38bc715f0d12ba627fd3139', '64.233.173.214', 1471151763, 0x5f5f63695f6c6173745f726567656e65726174657c693a313437313135313736333b),
('57a36404dcef6482e547567578b0fadb671f8662', '64.233.173.210', 1471151763, 0x5f5f63695f6c6173745f726567656e65726174657c693a313437313135313736333b),
('f5dd3095d043eee6a4d02234b6ffaf6b19144278', '64.233.173.210', 1471151763, 0x5f5f63695f6c6173745f726567656e65726174657c693a313437313135313736333b),
('e5c0997c2f8eef7c3f06059df94079aaf872785c', '64.233.173.210', 1471151781, 0x5f5f63695f6c6173745f726567656e65726174657c693a313437313135313738313b),
('cf172e740efdd3aab5aaa6bd78bf550948849716', '64.233.173.206', 1471151781, 0x5f5f63695f6c6173745f726567656e65726174657c693a313437313135313738313b),
('aa3d7b019ebb45c5955e580b9485bde5c6bf2cd9', '64.233.173.214', 1471151781, 0x5f5f63695f6c6173745f726567656e65726174657c693a313437313135313738313b),
('a6f0c92737fac452ba8d3539ddf061da9dbb75d2', '64.233.173.206', 1471151781, 0x5f5f63695f6c6173745f726567656e65726174657c693a313437313135313738313b),
('9e7770a34316d28656b08469cc138dc9a7f4eb90', '64.233.173.214', 1471151786, 0x5f5f63695f6c6173745f726567656e65726174657c693a313437313135313738363b),
('f62a1df9efd8b4aa816b7ae49445853a6a270a4d', '64.233.173.210', 1471151786, 0x5f5f63695f6c6173745f726567656e65726174657c693a313437313135313738363b),
('0838da1a4530511293bc1af8455a0023dfc3128a', '64.233.173.210', 1471151786, 0x5f5f63695f6c6173745f726567656e65726174657c693a313437313135313738363b),
('37f81374c26d40842faa365123d88f15b69c8828', '64.233.173.210', 1471151786, 0x5f5f63695f6c6173745f726567656e65726174657c693a313437313135313738363b),
('085f39fa0e45fda0ef377792717eab2e3279d111', '64.233.173.210', 1471151786, 0x5f5f63695f6c6173745f726567656e65726174657c693a313437313135313738363b),
('9fc5e2325be2d8f1bb85c41420c940b83f3db7c0', '64.233.173.206', 1471151786, 0x5f5f63695f6c6173745f726567656e65726174657c693a313437313135313738363b),
('18daed5683f1d493117aa24e5becd9476f18d5fe', '64.233.173.210', 1471151786, 0x5f5f63695f6c6173745f726567656e65726174657c693a313437313135313738363b),
('3236794059dfd1a5e4182bb46a025b052911c3e5', '64.233.173.206', 1471151786, 0x5f5f63695f6c6173745f726567656e65726174657c693a313437313135313738363b),
('9758622d1a95232da558e3efc17004f8aa7b9106', '64.233.173.206', 1471151788, 0x5f5f63695f6c6173745f726567656e65726174657c693a313437313135313738383b),
('d643ea01e2bf060d91b9ab2759dde89503087fc4', '64.233.173.210', 1471151788, 0x5f5f63695f6c6173745f726567656e65726174657c693a313437313135313738383b),
('566c8f40349ddef149d38cd03b179744bb013ec7', '64.233.173.214', 1471151788, 0x5f5f63695f6c6173745f726567656e65726174657c693a313437313135313738383b),
('12982fc8ee446bd94f7798feab3b6e18dfadfadd', '64.233.173.214', 1471151788, 0x5f5f63695f6c6173745f726567656e65726174657c693a313437313135313738383b),
('078070dc09017176f21c2195b856b26934b12b8a', '64.233.173.210', 1471151794, 0x5f5f63695f6c6173745f726567656e65726174657c693a313437313135313739343b),
('98125cf1903477f94fc4e81f8140ce01f04d9c76', '64.233.173.210', 1471151794, 0x5f5f63695f6c6173745f726567656e65726174657c693a313437313135313739343b),
('7bd51108adc3d1e01b29d73ad6f584a2f3c0ea2a', '64.233.173.210', 1471151794, 0x5f5f63695f6c6173745f726567656e65726174657c693a313437313135313739343b),
('cd89395ee634fa3654fb899ddc962399b433cf39', '64.233.173.214', 1471151794, 0x5f5f63695f6c6173745f726567656e65726174657c693a313437313135313739343b),
('bb2b5852be3d83235c6e809a0e486b540e8dee44', '64.233.173.214', 1471151798, 0x5f5f63695f6c6173745f726567656e65726174657c693a313437313135313739383b),
('dbeceff648da145beb761b41e138a61a70bd291d', '64.233.173.210', 1471151798, 0x5f5f63695f6c6173745f726567656e65726174657c693a313437313135313739383b),
('1a2a0e92c8163ca67ba22fc47ffdcd659dcc8951', '64.233.173.210', 1471151798, 0x5f5f63695f6c6173745f726567656e65726174657c693a313437313135313739383b),
('cd39afdda3fa78c486863c9a9edd137aa31f59f3', '64.233.173.210', 1471151798, 0x5f5f63695f6c6173745f726567656e65726174657c693a313437313135313739383b),
('18d9e6962fd848c553f780dd56df670024fbe369', '64.233.173.206', 1471151808, 0x5f5f63695f6c6173745f726567656e65726174657c693a313437313135313830383b),
('362b7c2524460e0688d0177fb9335787d52a4c0c', '64.233.173.206', 1471151808, 0x5f5f63695f6c6173745f726567656e65726174657c693a313437313135313830383b),
('03d210ed7c899be38bdaecc941e87e3c80e14c31', '64.233.173.210', 1471151808, 0x5f5f63695f6c6173745f726567656e65726174657c693a313437313135313830383b),
('575303cd092b23658e2a8d2518ea5efc793c6936', '64.233.173.206', 1471151808, 0x5f5f63695f6c6173745f726567656e65726174657c693a313437313135313830383b),
('7544bdc37a06df1e02c135bd4b75d2fad220fa77', '64.233.173.206', 1471151813, 0x5f5f63695f6c6173745f726567656e65726174657c693a313437313135313831333b),
('0cf91a0b9cdcacec64a9f734781cdd0d3b833a91', '64.233.173.214', 1471151813, 0x5f5f63695f6c6173745f726567656e65726174657c693a313437313135313831333b),
('93a13dba4cccaee9b6daf6138ec9dd500e7466c7', '64.233.173.210', 1471151813, 0x5f5f63695f6c6173745f726567656e65726174657c693a313437313135313831333b),
('4d2fcf9e777c50d42e571a3c35c8c118dd677c6c', '64.233.173.206', 1471151813, 0x5f5f63695f6c6173745f726567656e65726174657c693a313437313135313831333b),
('29a421287af04275b16c6bc33894021c9e524b5c', '64.233.173.206', 1471151827, 0x5f5f63695f6c6173745f726567656e65726174657c693a313437313135313832373b),
('471cda3049c2ba4f0576bf95f6c7bd5a9771d1b7', '64.233.173.210', 1471151827, 0x5f5f63695f6c6173745f726567656e65726174657c693a313437313135313832373b),
('b0e4ba6af567972244ad15980879bea1f9c56cfa', '64.233.173.206', 1471151827, 0x5f5f63695f6c6173745f726567656e65726174657c693a313437313135313832373b),
('2241d53a39c4518733aaa1af337d29e4404f11b5', '64.233.173.214', 1471151827, 0x5f5f63695f6c6173745f726567656e65726174657c693a313437313135313832373b),
('dca92ebf18e86f8d7141cf446281b126f36ba0dd', '64.233.173.206', 1471151829, 0x5f5f63695f6c6173745f726567656e65726174657c693a313437313135313832393b),
('858e57bfb05d9a99b2900e23860c5e2899211844', '64.233.173.206', 1471151829, 0x5f5f63695f6c6173745f726567656e65726174657c693a313437313135313832393b),
('ebdf278e376dbb141814f55d1a8feae17b4c39e0', '64.233.173.210', 1471151829, 0x5f5f63695f6c6173745f726567656e65726174657c693a313437313135313832393b),
('afd8522a1a1320856aa447dfbe553ec8b4bb1d7c', '64.233.173.210', 1471151829, 0x5f5f63695f6c6173745f726567656e65726174657c693a313437313135313832393b),
('7fa35a7683f11496a768c6c89a2ea7490a56a710', '64.233.173.210', 1471151832, 0x5f5f63695f6c6173745f726567656e65726174657c693a313437313135313833323b),
('5fc0addaf316c8b0fc148559c02a6cdd7f1c773e', '64.233.173.214', 1471151832, 0x5f5f63695f6c6173745f726567656e65726174657c693a313437313135313833323b),
('ae4200f62937b72301a14bf6cb22062753fa21b1', '64.233.173.214', 1471151832, 0x5f5f63695f6c6173745f726567656e65726174657c693a313437313135313833323b),
('c4fc631803b83df3a59fbc3ac6cc99793f4c7885', '64.233.173.214', 1471151832, 0x5f5f63695f6c6173745f726567656e65726174657c693a313437313135313833323b),
('6f2469f27effbbbd2a9e571e7fca3dc9b2eff09b', '64.233.173.214', 1471151840, 0x5f5f63695f6c6173745f726567656e65726174657c693a313437313135313834303b),
('173319a779b3d391d3a33de3969ad02a76b7cef8', '64.233.173.210', 1471151840, 0x5f5f63695f6c6173745f726567656e65726174657c693a313437313135313834303b),
('80f7ce7ed4f7f794d5039accd202424facc579c7', '64.233.173.210', 1471151840, 0x5f5f63695f6c6173745f726567656e65726174657c693a313437313135313834303b),
('9cf92e3ca9b3be9cc85af5024ea42e40b4db185c', '64.233.173.210', 1471151840, 0x5f5f63695f6c6173745f726567656e65726174657c693a313437313135313834303b),
('be53ae60288c95a34475d5df3f63bdee0a0b8d81', '64.233.173.206', 1471151861, 0x5f5f63695f6c6173745f726567656e65726174657c693a313437313135313836313b),
('e581fba94cdecb231a5265d82aa7cb32054748a0', '64.233.173.206', 1471151861, 0x5f5f63695f6c6173745f726567656e65726174657c693a313437313135313836313b),
('d221beac332b031704ad0ba9d099ba9ef06cf7a5', '64.233.173.214', 1471151861, 0x5f5f63695f6c6173745f726567656e65726174657c693a313437313135313836313b),
('3306aa8fb442e1669eab1f55d2041db8fc26f0a3', '64.233.173.210', 1471151861, 0x5f5f63695f6c6173745f726567656e65726174657c693a313437313135313836313b),
('aa5d7f2ef55bc864e9d8abaf2c752aeb2c6794e9', '64.233.173.206', 1471151872, 0x5f5f63695f6c6173745f726567656e65726174657c693a313437313135313837323b),
('92b56e97e7dc1efd52863bae512901744535878b', '64.233.173.210', 1471151872, 0x5f5f63695f6c6173745f726567656e65726174657c693a313437313135313837323b),
('c731dc62392547ef06d6780e664d836ca830450c', '64.233.173.214', 1471151872, 0x5f5f63695f6c6173745f726567656e65726174657c693a313437313135313837323b),
('807e0c074cdbd744e9802d299f57baafb6791819', '64.233.173.210', 1471151872, 0x5f5f63695f6c6173745f726567656e65726174657c693a313437313135313837323b),
('4c4eb7c128c58acf74a7fff04bb158a881a6ee62', '64.233.173.210', 1471151877, 0x5f5f63695f6c6173745f726567656e65726174657c693a313437313135313837373b),
('52cdf7ad0882c223521cb1560d80906ff44465b6', '64.233.173.206', 1471151877, 0x5f5f63695f6c6173745f726567656e65726174657c693a313437313135313837373b),
('2579ff6b1fca6727235e52a4b067c8b7c911f2b1', '64.233.173.210', 1471151877, 0x5f5f63695f6c6173745f726567656e65726174657c693a313437313135313837373b),
('c5115204836e1b81cb146936bac72f6b8a0a43af', '64.233.173.214', 1471151877, 0x5f5f63695f6c6173745f726567656e65726174657c693a313437313135313837373b),
('264decb6fc721c61d5a3d35539f445bead462a9d', '64.233.173.206', 1471151878, 0x5f5f63695f6c6173745f726567656e65726174657c693a313437313135313837383b),
('beb043b172d90bf9d9016978ba4391320ef815b9', '64.233.173.210', 1471151878, 0x5f5f63695f6c6173745f726567656e65726174657c693a313437313135313837383b),
('9337faa0934069dcf4f7b8fded22e95809419e44', '64.233.173.210', 1471151878, 0x5f5f63695f6c6173745f726567656e65726174657c693a313437313135313837383b),
('57fd0d3f80f0145b2b3c42ef1f7f2b76fd3d9105', '64.233.173.206', 1471151879, 0x5f5f63695f6c6173745f726567656e65726174657c693a313437313135313837393b),
('190472740996392c0c56b74e29b143b1bb28ec7b', '64.233.173.206', 1471151989, 0x5f5f63695f6c6173745f726567656e65726174657c693a313437313135313938393b),
('06156a42282806a25d8cfa8f1075d8e8bef55e00', '64.233.173.206', 1471151989, 0x5f5f63695f6c6173745f726567656e65726174657c693a313437313135313938393b),
('364187f5116a1aa1bfdefd603a47dd5ad37e21ae', '64.233.173.214', 1471151989, 0x5f5f63695f6c6173745f726567656e65726174657c693a313437313135313938393b),
('52b84f1fc70c66014cd4e8a0e7b5f3b8cd6c972e', '64.233.173.214', 1471151989, 0x5f5f63695f6c6173745f726567656e65726174657c693a313437313135313938393b),
('c8291d9c22ab43c8261af6f0b91e0cea0c7582b3', '172.20.0.1', 1471152370, 0x5f5f63695f6c6173745f726567656e65726174657c693a313437313135323333323b),
('4c4191a186e1b03bda75be02060105f1faa75114', '164.132.161.66', 1471153992, 0x5f5f63695f6c6173745f726567656e65726174657c693a313437313135333939323b),
('c82254338f57af4a1c6e4e3c1583e33e37b8b9c0', '40.77.167.71', 1471155305, 0x5f5f63695f6c6173745f726567656e65726174657c693a313437313135353330353b),
('b7747c3fe1b741dadf354f24ae01dddfe8327628', '1.39.61.63', 1471155919, 0x5f5f63695f6c6173745f726567656e65726174657c693a313437313135353931393b),
('66a57b9731badd96eb6b4a8a05da99219f6bdf39', '175.101.144.48', 1471156535, 0x5f5f63695f6c6173745f726567656e65726174657c693a313437313135363533353b),
('3284998bb8b7a99a8afd94ee921042e8f6a864bb', '141.8.142.6', 1471157145, 0x5f5f63695f6c6173745f726567656e65726174657c693a313437313135373134353b),
('884dc98dcf71ff824094686f3308234d11f5c4ed', '141.8.142.6', 1471158444, 0x5f5f63695f6c6173745f726567656e65726174657c693a313437313135383434343b),
('a999203c90abe4fa70d2795de19b513a0c96e972', '68.180.231.43', 1471159480, 0x5f5f63695f6c6173745f726567656e65726174657c693a313437313135393438303b),
('3be309f0bdf6bdb7e88c5de5db6e3586c4c2a351', '68.180.231.43', 1471160158, 0x5f5f63695f6c6173745f726567656e65726174657c693a313437313136303135383b),
('c18c6e04b6542c9d145828d5824d475f7c2777b6', '122.164.38.212', 1471166143, 0x5f5f63695f6c6173745f726567656e65726174657c693a313437313136353936353b),
('ba7b51003767a39873c4781e15df58cb01d5ac9e', '78.46.50.246', 1471167411, 0x5f5f63695f6c6173745f726567656e65726174657c693a313437313136373431313b),
('75bcc116cd31a9f49586021441ab6e91c6502be3', '49.205.100.95', 1471168669, 0x5f5f63695f6c6173745f726567656e65726174657c693a313437313136383635353b),
('b55f2eb3e34595fcea3f245b00eb0f0596d69923', '94.76.0.73', 1471169215, 0x5f5f63695f6c6173745f726567656e65726174657c693a313437313136393231353b),
('4f4da75dfde079f9414172e70a63189d2f76c057', '66.249.79.149', 1471169227, 0x5f5f63695f6c6173745f726567656e65726174657c693a313437313136393232373b),
('daceccebb5b6030a2a1142692687499bd9d3bc7b', '68.180.231.42', 1471172315, 0x5f5f63695f6c6173745f726567656e65726174657c693a313437313137323331353b),
('936563852f82b15f547fb1281ad073c0207f1c72', '71.178.184.31', 1471173658, 0x5f5f63695f6c6173745f726567656e65726174657c693a313437313137333635383b),
('5928c3b42015aafd1beb04f68467eef2cde63d99', '71.178.184.31', 1471173954, 0x5f5f63695f6c6173745f726567656e65726174657c693a313437313137333635383b),
('e6664cc2cd4a3640a1d471c81abc45e8c209a39a', '71.178.184.31', 1471173658, 0x5f5f63695f6c6173745f726567656e65726174657c693a313437313137333635383b),
('d7ba2324f9b82e93be1dd41a679f655ad6016665', '71.178.184.31', 1471173658, 0x5f5f63695f6c6173745f726567656e65726174657c693a313437313137333635383b),
('bf0276acf6bf1f3ef6fee115bacd98b0c0eca41d', '71.178.184.31', 1471173974, 0x5f5f63695f6c6173745f726567656e65726174657c693a313437313137333937343b),
('aa4769b316f19b77d1bd9fa864dd6312aad485a3', '71.178.184.31', 1471173974, 0x5f5f63695f6c6173745f726567656e65726174657c693a313437313137333937343b),
('27642f18cbdce8bca56e9a247099b7415a38ce6e', '71.178.184.31', 1471173974, 0x5f5f63695f6c6173745f726567656e65726174657c693a313437313137333937343b),
('cda0725606032bc466bed3e6de6b68093f053926', '71.178.184.31', 1471174141, 0x5f5f63695f6c6173745f726567656e65726174657c693a313437313137333937343b),
('bd663ef9bc152aad22e52ea3d4c1fa6a1017bd7e', '78.46.42.235', 1471174022, 0x5f5f63695f6c6173745f726567656e65726174657c693a313437313137343032323b),
('c022dad6f77adc8aa18428a66c9fe6089beb08d4', '141.8.142.6', 1471175483, 0x5f5f63695f6c6173745f726567656e65726174657c693a313437313137353438333b),
('c39dee2dbf42101c9d51a26f825bed197eb16483', '79.178.103.105', 1471175508, 0x5f5f63695f6c6173745f726567656e65726174657c693a313437313137353530383b),
('b8accc3db8b569d900b56153d6ef7146f4ea06f3', '64.233.173.210', 1471175731, 0x5f5f63695f6c6173745f726567656e65726174657c693a313437313137353733313b),
('7937f9495af8fa19cacb2d01e73adb5d83afede0', '64.233.173.206', 1471175731, 0x5f5f63695f6c6173745f726567656e65726174657c693a313437313137353733313b),
('811632afe184a696874019a888344b8f7ae5d8b3', '64.233.173.210', 1471175731, 0x5f5f63695f6c6173745f726567656e65726174657c693a313437313137353733313b),
('d59c09ccbf392468d40043694576b4ae515f7917', '64.233.173.214', 1471175731, 0x5f5f63695f6c6173745f726567656e65726174657c693a313437313137353733313b),
('a5572b57f324ea107a3c754b7584214b39c12438', '79.178.103.105', 1471175776, 0x5f5f63695f6c6173745f726567656e65726174657c693a313437313137353737363b),
('01ea19bd6a4ae2c1004e627ba7b8291d2d61101d', '117.204.66.208', 1471176723, 0x5f5f63695f6c6173745f726567656e65726174657c693a313437313137363732333b),
('a7aeaf1e7709bf73d809115b32501d33f6e49ee2', '68.180.231.43', 1471181678, 0x5f5f63695f6c6173745f726567656e65726174657c693a313437313138313637383b),
('197c275fc67f4502f58be048bd1746fea93ed81b', '168.235.207.244', 1471185187, 0x5f5f63695f6c6173745f726567656e65726174657c693a313437313138353138373b),
('4282d86b58276d2d225adc43319ca4df8a9e953f', '64.79.85.205', 1471195106, 0x5f5f63695f6c6173745f726567656e65726174657c693a313437313139353130363b),
('8f5495bfdd06f547fd80466fb1abe00521e0f8b7', '8.37.234.118', 1471195260, 0x5f5f63695f6c6173745f726567656e65726174657c693a313437313139353235393b),
('409b4b815b292c5127cde7cf07a6be1ff92fdb8d', '64.79.85.205', 1471195488, 0x5f5f63695f6c6173745f726567656e65726174657c693a313437313139353438383b),
('70beacd5fc86ebc73be9edf615b904c9d81caaab', '196.184.38.229', 1471196771, 0x5f5f63695f6c6173745f726567656e65726174657c693a313437313139363736323b),
('dc97e3e101f12f2b37d73c4e4ee0aa4721141e2c', '202.142.86.251', 1471197023, 0x5f5f63695f6c6173745f726567656e65726174657c693a313437313139373032333b64616e6765727c733a31383a22556e6578706563746564206661696c757265223b5f5f63695f766172737c613a313a7b733a363a2264616e676572223b733a333a226e6577223b7d),
('afa8f7e0414fbc0557ac91d1337f9b0d9ce0f4fa', '68.180.231.42', 1471198350, 0x5f5f63695f6c6173745f726567656e65726174657c693a313437313139383335303b),
('4887c27a78ee06ea975b31c59ad06acc2ed0ae75', '68.180.231.42', 1471198407, 0x5f5f63695f6c6173745f726567656e65726174657c693a313437313139383430373b),
('a2414ef1126bf6ed5429eed049b431889e2ad681', '8.37.235.69', 1471200976, 0x5f5f63695f6c6173745f726567656e65726174657c693a313437313230303937353b),
('64ac85bdce168b4207d32c349fad278580430eff', '213.24.127.77', 1471201965, 0x5f5f63695f6c6173745f726567656e65726174657c693a313437313230313936353b),
('1efaa1a35c2e83e5fefc08142e7604c8c493f07c', '66.249.66.189', 1471204337, 0x5f5f63695f6c6173745f726567656e65726174657c693a313437313230343333373b),
('280901d4a206ef3a0344efcc8ff057ee5551a779', '38.130.96.106', 1471208156, 0x5f5f63695f6c6173745f726567656e65726174657c693a313437313230383135363b),
('0781e5ecc78ece1696010cfdef59195ac77a2f90', '66.249.66.131', 1471219232, 0x5f5f63695f6c6173745f726567656e65726174657c693a313437313231393233323b),
('af5cc113c8f0d943405e9c958e38b9667698f631', '172.30.0.22', 1471323430, 0x5f5f63695f6c6173745f726567656e65726174657c693a313437313332333433303b),
('cabda27afd69f1f53ef608fac0f30e1d6fa63023', '172.20.0.99', 1471607607, 0x5f5f63695f6c6173745f726567656e65726174657c693a313437313630373630373b);

-- --------------------------------------------------------

--
-- Table structure for table `costs`
--

CREATE TABLE IF NOT EXISTS `costs` (
  `id` int(11) NOT NULL DEFAULT '0',
  `service` int(11) DEFAULT NULL,
  `type` varchar(10) DEFAULT NULL COMMENT '0=original 1=duplicate',
  `requirements` text,
  `year` varchar(4) DEFAULT NULL,
  `after` varchar(10) DEFAULT NULL COMMENT ' 0=before 1=after',
  `country` varchar(10) DEFAULT NULL COMMENT '0=india 1=abroad',
  `cost` double DEFAULT NULL,
  UNIQUE KEY `id` (`id`),
  KEY `id_2` (`id`),
  KEY `service` (`service`),
  KEY `service_2` (`service`)
) ENGINE=InnoDB DEFAULT CHARSET=latin1;

--
-- Dumping data for table `costs`
--

INSERT INTO `costs` (`id`, `service`, `type`, `requirements`, `year`, `after`, `country`, `cost`) VALUES
(1, 1, '0', 'Proof of graduating from NIT Warangal', '2005', '1', '0', 0),
(2, 1, '0', 'Proof of graduating from NIT Warangal', '2005', '1', '1', 0),
(3, 1, '0', 'Proof of graduating from NIT Warangal', '2005', '0', '0', 700),
(4, 1, '0', 'Proof of graduating from NIT Warangal', '2005', '0', '1', 25),
(5, 1, '1', 'Proof of graduating from NIT Warangal AND (FIR + Action Report)', NULL, NULL, '0', 4000),
(6, 1, '1', 'Proof of graduating from NIT Warangal AND (FIR + Action Report)', NULL, NULL, '1', 100),
(7, 2, '0', 'Proof of graduating from NIT Warangal', '2010', '1', '0', 0),
(8, 2, '0', 'Proof of graduating from NIT Warangal', '2010', '1', '1', 0),
(9, 2, '0', 'Proof of graduating from NIT Warangal', '2010', '0', '0', 4000),
(10, 2, '0', 'Proof of graduating from NIT Warangal', '2010', '0', '1', 100),
(11, 2, '1', 'Proof of graduating from NIT Warangal AND (FIR + Action Report)', NULL, NULL, '0', 4000),
(12, 2, '1', 'Proof of graduating from NIT Warangal AND (FIR + Action Report)', NULL, NULL, '1', 100),
(13, 3, NULL, 'All Grade Sheets (semester wise) OR Consolidated Grade Sheet) AND (Degree Certificate OR Provisional Pass Certificate', NULL, NULL, '0', 500),
(14, 3, NULL, 'All Grade Sheets (semester wise) OR Consolidated Grade Sheet) AND (Degree Certificate OR Provisional Pass Certificate', NULL, NULL, '1', 25),
(15, 4, NULL, 'All Grade Sheets (semester wise) OR Consolidated Grade Sheet) AND (Degree Certificate OR Provisional Pass Certificate', NULL, NULL, '0', 1000),
(16, 4, NULL, 'All Grade Sheets (semester wise) OR Consolidated Grade Sheet) AND (Degree Certificate OR Provisional Pass Certificate', NULL, NULL, '1', 50),
(17, 5, NULL, 'Proof of graduating from NIT Warangal', NULL, NULL, '0', 200),
(18, 5, NULL, 'Proof of graduating from NIT Warangal', NULL, NULL, '1', 200),
(19, 6, NULL, 'Proof of graduating from NIT Warangal', NULL, NULL, '0', 200),
(20, 6, NULL, 'Proof of graduating from NIT Warangal', NULL, NULL, '1', 200),
(21, 7, '0', 'Proof of graduating from NIT Warangal', NULL, NULL, '0', 0),
(22, 7, '1', 'Proof of graduating from NIT Warangal', NULL, NULL, '0', 500),
(23, 7, '0', 'Proof of graduating from NIT Warangal', NULL, NULL, '1', 0),
(24, 7, '1', 'Proof of graduating from NIT Warangal', NULL, NULL, '1', 500),
(25, 10, '0', 'Proof of graduating from NIT Warangal', NULL, NULL, '0', 0),
(26, 10, '0', 'Proof of graduating from NIT Warangal', NULL, NULL, '1', 0),
(27, 10, '1', 'Proof of graduating from NIT Warangal', NULL, NULL, '0', 0),
(28, 10, '1', 'Proof of graduating from NIT Warangal', NULL, NULL, '1', 0);

-- --------------------------------------------------------

--
-- Table structure for table `courses`
--

CREATE TABLE IF NOT EXISTS `courses` (
  `id` int(11) NOT NULL AUTO_INCREMENT,
  `course` varchar(128) NOT NULL,
  PRIMARY KEY (`id`)
) ENGINE=InnoDB  DEFAULT CHARSET=latin1 AUTO_INCREMENT=15 ;

--
-- Dumping data for table `courses`
--

INSERT INTO `courses` (`id`, `course`) VALUES
(1, 'Civil Engineering'),
(2, 'Electrical Engineering'),
(3, 'Mechanical Engineering'),
(4, 'Electronics & Communications Engineering'),
(5, 'Metallurgical & Materials Engineering'),
(6, 'Chemical Engineering'),
(7, 'Computer Science & Engineering'),
(8, 'Biotechnology'),
(9, 'Physics'),
(10, 'Chemistry'),
(11, 'Mathematics'),
(12, 'Humanities & Social Science'),
(14, 'School of Management');

-- --------------------------------------------------------

--
-- Table structure for table `groups`
--

CREATE TABLE IF NOT EXISTS `groups` (
  `id` mediumint(8) unsigned NOT NULL AUTO_INCREMENT,
  `name` varchar(20) NOT NULL,
  `description` varchar(100) NOT NULL,
  PRIMARY KEY (`id`)
) ENGINE=InnoDB  DEFAULT CHARSET=utf8 AUTO_INCREMENT=3 ;

--
-- Dumping data for table `groups`
--

INSERT INTO `groups` (`id`, `name`, `description`) VALUES
(1, 'admin', 'Administrator'),
(2, 'members', 'General User');

-- --------------------------------------------------------

--
-- Table structure for table `login_attempts`
--

CREATE TABLE IF NOT EXISTS `login_attempts` (
  `id` int(11) unsigned NOT NULL AUTO_INCREMENT,
  `ip_address` varchar(15) NOT NULL,
  `login` varchar(100) NOT NULL,
  `time` int(11) unsigned DEFAULT NULL,
  PRIMARY KEY (`id`)
) ENGINE=InnoDB DEFAULT CHARSET=utf8 AUTO_INCREMENT=1 ;

-- --------------------------------------------------------

--
-- Table structure for table `request_services`
--

CREATE TABLE IF NOT EXISTS `request_services` (
  `id` int(11) NOT NULL AUTO_INCREMENT,
  `request_id` varchar(256) NOT NULL,
  `service_id` int(3) NOT NULL,
  PRIMARY KEY (`id`),
  KEY `request_id` (`request_id`)
) ENGINE=InnoDB  DEFAULT CHARSET=latin1 AUTO_INCREMENT=673 ;

--
-- Dumping data for table `request_services`
--

INSERT INTO `request_services` (`id`, `request_id`, `service_id`) VALUES
(21, '1172499318624075', 15),
(22, '6002168205643719', 15),
(23, '6002161059248763', 15),
(24, '6002165641092387', 15),
(25, '9790885230244710', 15),
(35, '9383730316124580', 15),
(36, '9383730316124580', 0),
(37, '9634724769031695', 15),
(38, '9383192746205765', 15),
(39, '9383192746205765', 0),
(41, '-591785927041642', 15),
(42, '-591785927041642', 25),
(43, '-157792849240180', 15),
(44, 'UG10214692153046', 15),
(45, 'UG10214692153046', 25),
(46, 'UG10214642786109', 15),
(47, 'UG10214642786109', 25),
(48, 'UG10311108639214', 25),
(49, '0928017034642518', 25),
(50, '0928067056148789', 25),
(51, '1172519534762810', 25),
(52, '0885027962834501', 15),
(60, '9410653610252883', 15),
(61, '9410653610252883', 11),
(62, '9410606775481852', 15),
(63, '9410606775481852', 11),
(64, '3002728106345934', 10),
(65, '3002728106345934', 26),
(72, '9130865865904173', 16),
(73, '9130865865904173', 26),
(74, '9303912308764150', 25),
(75, '5725217503942679', 15),
(76, '5725217503942679', 25),
(80, '0833856731846107', 15),
(81, '0833856731846107', 25),
(82, '0833849217703896', 15),
(83, '0833849217703896', 25),
(84, '6003218341509267', 9),
(85, '6003218341509267', 25),
(86, '1032032908137645', 25),
(89, '9740989847465532', 16),
(90, '0833872396101874', 15),
(91, '0833872396101874', 25),
(92, '0833856213187975', 15),
(93, '0833856213187975', 25),
(94, '0833808950393712', 15),
(95, '0833808950393712', 25),
(96, '0833822490614077', 15),
(97, '0833822490614077', 25),
(98, '1131310982413765', 25),
(99, '9740904352859876', 16),
(100, '9740932762700954', 16),
(101, '9740905754401962', 16),
(102, '9740983695809617', 16),
(103, '9740918049272406', 16),
(104, '3002747292851160', 10),
(105, '3002747292851160', 26),
(106, '3002759682273864', 10),
(107, '3002759682273864', 26),
(108, '3002741909316722', 10),
(109, '3002741909316722', 26),
(110, '3002798647542063', 10),
(111, '3002798647542063', 26),
(112, '3002717933495752', 9),
(113, '3002717933495752', 25),
(114, '3002709824870154', 9),
(115, '3002709824870154', 25),
(116, '3002789072268313', 9),
(117, '3002789072268313', 25),
(118, '2022983732459191', 0),
(119, '2022983732459191', 11),
(120, '2022983732459191', 25),
(121, '2022907584316276', 0),
(122, '2022907584316276', 11),
(123, '2022907584316276', 25),
(124, 'UG10322298367410', 25),
(125, '6002260215684973', 15),
(126, '6002260215684973', 25),
(127, '3002766520181547', 10),
(128, '3002766520181547', 26),
(129, '3002710342903557', 9),
(130, '3002710342903557', 25),
(131, '4657890036549281', 5),
(132, '6002164362071598', 16),
(133, '6002164362071598', 26),
(134, '0711051008624392', 5),
(135, '9844819047793438', 15),
(136, '8628392476571618', 15),
(137, '8628392476571618', 25),
(138, '0985478432486956', 15),
(139, '0985478432486956', 25),
(140, '1041053287461509', 0),
(141, '1041053287461509', 3),
(142, '1041053287461509', 25),
(143, '6424051695237049', 15),
(144, '6424051695237049', 25),
(145, '1371548601492573', 16),
(146, '1371548601492573', 26),
(147, '6788382945517436', 15),
(148, '6788382945517436', 5),
(149, '6788382945517436', 25),
(150, '1371545076923418', 6),
(151, '1371545076923418', 26),
(152, '1072232417965083', 25),
(153, '1272234306829715', 15),
(154, '1272234306829715', 3),
(155, '1272234306829715', 25),
(156, '1371456107394258', 15),
(157, '1371456107394258', 5),
(158, '1371456107394258', 25),
(159, '8613157016328495', 15),
(160, '8613157016328495', 3),
(161, '8613157016328495', 25),
(162, '1234569358702641', 15),
(163, '1234569358702641', 5),
(164, '1234569358702641', 25),
(165, '7097650387292918', 15),
(166, '7097650387292918', 25),
(167, '1022240541837269', 3),
(168, '1132018956104732', 15),
(169, '1132015291687304', 15),
(170, '1146097321084659', 25),
(171, '1369110547321968', 25),
(172, '1369111675890234', 25),
(173, '1369115243801796', 25),
(174, '1369119062718534', 25),
(175, '1369119247360815', 25),
(176, '1369119841302567', 25),
(177, '1369112684970153', 25),
(178, '1369119315480276', 25),
(179, '1369116419382075', 25),
(180, '1369112801976345', 25),
(181, '1369110148735962', 25),
(182, 'EC84466493275801', 0),
(183, 'EC84466493275801', 6),
(184, 'EC84460896235714', 0),
(185, 'EC84460896235714', 5),
(186, 'EC84469345817620', 0),
(187, 'EC84469345817620', 6),
(188, 'EC84466947508123', 0),
(189, 'EC84466947508123', 6),
(190, 'EC84463259671840', 0),
(191, 'EC84463259671840', 6),
(192, '9303280601195865', 25),
(193, '3406155816964293', 0),
(194, '3406155816964293', 25),
(195, '1031141357294086', 15),
(196, '1031141357294086', 25),
(197, '1223459580762314', 3),
(198, '1223459580762314', 25),
(199, '1346033870261954', 3),
(200, '1346033870261954', 25),
(201, '0941028963742501', 25),
(202, '6002070876134952', 15),
(203, '0623898434716207', 15),
(204, '0623898434716207', 25),
(205, '1234568416730295', 15),
(206, '1234568416730295', 11),
(207, '1234568416730295', 25),
(208, '1002043476258019', 25),
(209, '1002047463910528', 25),
(210, '1002041207568349', 25),
(211, '6002129547230681', 15),
(212, '6002129547230681', 9),
(213, '6002129547230681', 25),
(214, '8542745510940962', 16),
(215, '8542745510940962', 10),
(216, '1116031326809754', 25),
(217, '4422609915240858', 15),
(218, '9741646560294928', 16),
(219, '9741646560294928', 10),
(220, '9741646560294928', 26),
(221, '9741626419532758', 16),
(222, '9741626419532758', 10),
(223, '9741626419532758', 26),
(224, '9741651743506724', 16),
(225, '9741651743506724', 10),
(226, '9741651743506724', 26),
(227, '9741632651032409', 16),
(228, '9741632651032409', 10),
(229, '9741632651032409', 26),
(230, '9741647080971226', 16),
(231, '9741647080971226', 10),
(232, '9741647080971226', 26),
(233, '9741689727503631', 16),
(234, '9741689727503631', 10),
(235, '9741689727503631', 26),
(236, '1126081058439762', 0),
(237, '1126081058439762', 3),
(238, '1126081058439762', 25),
(239, '1126084093517268', 15),
(240, '1126084093517268', 3),
(241, '1126084093517268', 25),
(242, '1878781473068952', 0),
(243, '1878781473068952', 9),
(244, '1878781473068952', 25),
(245, '1272235794238061', 4),
(246, '1272235794238061', 26),
(247, '1122106793420851', 15),
(248, '1122106793420851', 25),
(249, '1122105248190763', 15),
(250, '1122105248190763', 25),
(251, '4140386106950719', 15),
(252, '9741603477859462', 16),
(253, '9741603477859462', 10),
(254, '9741603477859462', 26),
(255, '9740983647829735', 16),
(256, '1362223869210475', 25),
(257, '3020627891369502', 15),
(258, '0935917785035234', 15),
(259, '0935917785035234', 25),
(260, '1444778567301492', 15),
(261, '1444778567301492', 9),
(262, '1444778567301492', 3),
(263, '1444778567301492', 25),
(264, '1272232137684059', 3),
(265, '1272232137684059', 25),
(266, '1272230842673591', 3),
(267, '1272230842673591', 25),
(268, '6107114562394290', 25),
(269, '3406070715364294', 15),
(270, '3406070715364294', 25),
(271, '0520962337947250', 16),
(272, '0520962337947250', 26),
(273, '4407608395421726', 15),
(274, '9400930968615578', 25),
(275, 'ug10712512648597', 15),
(276, '6107469857740913', 25),
(277, '1369609478203516', 25),
(278, '0520916907632288', 16),
(279, '0520916907632288', 26),
(280, '0520917467342953', 16),
(281, '0520917467342953', 26),
(282, '8728157790603312', 25),
(283, '9740941062899531', 9),
(284, '9740941062899531', 25),
(285, '1002044512389706', 25),
(286, '0535182446959003', 15),
(287, '0535182446959003', 9),
(288, '0535182446959003', 25),
(289, '0535121867051392', 15),
(290, '0535121867051392', 9),
(291, '0535121867051392', 25),
(292, '0520948146562385', 16),
(293, '0520948146562385', 26),
(294, '1149590139682547', 3),
(295, '1149590139682547', 25),
(296, '8806391086748130', 3),
(297, '8806391086748130', 25),
(298, '8806179340218065', 3),
(299, '8806179340218065', 25),
(300, '8806893986041467', 3),
(301, '8806893986041467', 25),
(302, '8806469211073056', 3),
(303, '8806469211073056', 25),
(304, '8806616038772384', 3),
(305, '8806616038772384', 25),
(306, '8700761329384407', 16),
(307, '8700761329384407', 26),
(308, '8700786726495012', 16),
(309, '8700786726495012', 26),
(310, '8700755727809623', 16),
(311, '8700755727809623', 26),
(312, 'UG10624461837054', 25),
(313, 'UG10624483417295', 25),
(314, '8806877548230130', 3),
(315, '8806877548230130', 25),
(316, '8806365687911207', 3),
(317, '8806365687911207', 25),
(318, '8806579784122603', 3),
(319, '8806579784122603', 25),
(320, '4456447509613482', 15),
(321, '4456447509613482', 25),
(322, '1179251625094387', 25),
(323, 'UG10414103678259', 15),
(324, 'UG10414103678259', 25),
(325, 'UG10414108794251', 15),
(326, 'UG10414108794251', 25),
(327, '8806846504825709', 3),
(328, '8806846504825709', 25),
(329, '8806p50411027336', 3),
(330, '8806p50411027336', 25),
(331, 'EE08239310597846', 25),
(332, '0520913890406715', 16),
(333, '0520913890406715', 26),
(334, '1041521065234978', 25),
(335, '1041527259086341', 25),
(336, '0520908405621369', 16),
(337, '0520908405621369', 26),
(338, '1142139784613025', 4),
(339, '1142137806415239', 4),
(340, '1142137435098261', 4),
(341, '1142136549810327', 4),
(342, '1142132906415387', 4),
(343, '1142133254906817', 4),
(344, '0520939865361457', 16),
(345, '0520939865361457', 26),
(346, '0781028565160337', 3),
(347, '0781002594317956', 3),
(348, '0781002594317956', 25),
(349, '1142133246159807', 4),
(350, '1142132934567180', 4),
(351, '1142131932856047', 4),
(352, '1142138230917465', 4),
(353, 'UG10416297621045', 25),
(354, '0985907724985346', 25),
(355, '0985997305728816', 25),
(356, '0829746839972140', 3),
(357, '0829746839972140', 25),
(358, '1259104129086357', 25),
(359, '1259107415368902', 25),
(360, '5002015031946287', 0),
(361, '5002015031946287', 10),
(362, '5002015031946287', 0),
(363, '5002015031946287', 26),
(364, '5002015196308472', 16),
(365, '5002015196308472', 10),
(366, '5002015196308472', 4),
(367, '5002015196308472', 26),
(368, '5002157840125396', 16),
(369, '5002157840125396', 10),
(370, '5002157840125396', 4),
(371, '5002157840125396', 26),
(372, '5002011052673948', 16),
(373, 'Bhagavathula4985', 16),
(374, 'Bhagavathula4985', 10),
(375, 'Bhagavathula4985', 26),
(376, 'Bhagavathula4915', 16),
(377, 'Bhagavathula4915', 10),
(378, 'Bhagavathula4915', 26),
(379, '5002157082615493', 16),
(380, '5002157082615493', 4),
(381, '5002157082615493', 26),
(382, '5002159832467510', 16),
(383, '5002159832467510', 4),
(384, '5002159832467510', 26),
(385, '1269635609382471', 25),
(386, '5002014381607925', 16),
(387, '5002014381607925', 26),
(388, '5002150185924736', 16),
(389, '5002150185924736', 26),
(390, '1032242093845671', 3),
(391, '1032242093845671', 25),
(392, '0642558004762986', 25),
(393, '7860171692042533', 16),
(394, '7860147805184719', 16),
(395, '7860147805184719', 26),
(396, '5002017690432581', 16),
(397, '5002017690432581', 26),
(398, '1410302146205871', 15),
(399, '1410302146205871', 9),
(400, '1410302146205871', 25),
(401, '8465022198014395', 15),
(402, '8465022198014395', 9),
(403, '8465022198014395', 25),
(404, '4706355437916802', 15),
(405, '4706355437916802', 9),
(406, '4706355437916802', 25),
(407, '5002018526931740', 16),
(408, '5002018526931740', 4),
(409, '5002018526931740', 26),
(410, '9400980084913469', 25),
(411, '7860120421459350', 16),
(412, '7860120421459350', 26),
(413, '7860115299436031', 16),
(414, '7860115299436031', 26),
(415, '7860187969544152', 16),
(416, '7860187969544152', 26),
(417, '7860135074168228', 16),
(418, '7860135074168228', 26),
(419, '7860141760096213', 16),
(420, '7860141760096213', 26),
(421, '7860195430156916', 16),
(422, '7860195430156916', 26),
(423, '5002010987134625', 16),
(424, '5002010987134625', 4),
(425, '5002010987134625', 26),
(426, 'UG10622005768912', 25),
(427, 'ME09311607264385', 25),
(428, '5002010123598467', 16),
(429, '5002010123598467', 4),
(430, '5002010123598467', 26),
(431, '5002018452671093', 16),
(432, '5002018452671093', 4),
(433, '5002018452671093', 26),
(434, '5002016547321098', 15),
(435, '5002016547321098', 3),
(436, '5002016547321098', 25),
(437, '5002016410295783', 15),
(438, '5002016410295783', 3),
(439, '5002016410295783', 25),
(440, '5002013691042587', 16),
(441, '5002013691042587', 4),
(442, '5002013691042587', 26),
(443, '9912330391845625', 25),
(444, '5002155648173209', 15),
(445, '5002155648173209', 3),
(446, '5002155648173209', 25),
(447, '5002018316507429', 15),
(448, '5002018316507429', 3),
(449, '5002018316507429', 25),
(450, '5002018963457210', 15),
(451, '5002018963457210', 3),
(452, '5002018963457210', 25),
(453, '0721019674820683', 16),
(454, '0721019674820683', 26),
(455, '0721084823156913', 16),
(456, '0721074866291283', 15),
(457, '0840626411549028', 3),
(458, '0840626411549028', 25),
(459, '1226388572649130', 25),
(460, '1226387461320598', 25),
(461, '0093879376452810', 25),
(462, 'UG10413681940752', 15),
(463, '1375574510892376', 15),
(464, '1375571970863245', 15),
(465, '1375571970863245', 25),
(466, '9725122758010683', 15),
(467, '9725122758010683', 25),
(468, '0830118503941762', 9),
(469, '1032180265839741', 25),
(470, '1269639736102548', 3),
(471, '1269639736102548', 25),
(472, '0005428913087624', 26),
(473, 'UG10416276843951', 25),
(474, '3013872408638155', 16),
(475, '3013872408638155', 10),
(476, '3013872408638155', 26),
(477, '3013812849054985', 16),
(478, '3013812849054985', 10),
(479, '3013812849054985', 26),
(480, '3013841848713396', 16),
(481, '3013841848713396', 10),
(482, '3013841848713396', 26),
(483, '3013809631536824', 16),
(484, '3013809631536824', 10),
(485, '3013809631536824', 26),
(486, '1349127265041389', 25),
(487, '0433840561905689', 3),
(488, '0433840561905689', 25),
(489, '0862756751824396', 15),
(490, '0862756751824396', 25),
(491, '0433893402875142', 3),
(492, '0433893402875142', 25),
(493, '0823967404617233', 9),
(494, '0823967404617233', 25),
(495, '0133774355132909', 15),
(496, '0133774355132909', 25),
(497, 'UG10322248209356', 25),
(498, '5719239308875049', 16),
(499, '5719364092179560', 16),
(500, '5719364092179560', 26),
(501, 'C080391903678245', 15),
(502, 'C080391903678245', 25),
(503, 'C080399546182370', 15),
(504, 'C080399546182370', 25),
(505, '5719226857405733', 16),
(506, '5719226857405733', 26),
(507, '5719041953808976', 16),
(508, '5719041953808976', 26),
(509, '5719628432491691', 16),
(510, '5719628432491691', 26),
(511, '5719381056124990', 16),
(512, '5719381056124990', 26),
(513, '0855383204177392', 25),
(514, '1315646142509738', 15),
(515, '1315643928514067', 15),
(516, '1315647930186524', 15),
(517, '1315647930186524', 25),
(518, '8712634150936872', 25),
(519, '9109433752278418', 5),
(520, '5210256408919168', 5),
(521, '5210318465247893', 5),
(522, 'ME09342835490612', 15),
(523, 'MT27043874916052', 16),
(524, 'MT27043874916052', 10),
(525, 'MT27043874916052', 26),
(526, '0945268109604743', 15),
(527, '0945268109604743', 25),
(528, '0846793986440775', 25),
(529, '9765903862451837', 26),
(530, '7613388031799756', 16),
(531, '7613388031799756', 10),
(532, '7613388031799756', 26),
(533, '7613373876520014', 16),
(534, '7613373876520014', 10),
(535, '7613373876520014', 26),
(536, '7613301213286778', 16),
(537, '7613301213286778', 10),
(538, '7613301213286778', 26),
(539, '7613387590684113', 16),
(540, '7613387590684113', 10),
(541, '7613387590684113', 26),
(542, '7613385416109639', 16),
(543, '7613385416109639', 10),
(544, '7613385416109639', 26),
(545, '7613333425407685', 16),
(546, '7613333425407685', 10),
(547, '7613333425407685', 26),
(548, '1412500635142908', 15),
(549, '1412500635142908', 9),
(550, '1412500635142908', 3),
(551, '1412500635142908', 25),
(552, '6472027581249185', 15),
(553, '6472027581249185', 25),
(554, '0982048353749298', 15),
(555, '0982048353749298', 25),
(556, '1269645724986031', 25),
(557, 'UG10323945681293', 25),
(558, '7613384471683500', 16),
(559, '7613384471683500', 10),
(560, '7613384471683500', 26),
(561, '7613356526194933', 16),
(562, '7613356526194933', 10),
(563, '7613356526194933', 26),
(564, '9434759630229840', 25),
(565, 'EE08247521860793', 15),
(566, 'EE08247521860793', 3),
(567, 'EE08247521860793', 25),
(568, '1023451297536480', 0),
(569, '1023451297536480', 25),
(570, 'M080120895721463', 16),
(571, 'MT27045198042673', 16),
(572, 'MT27045198042673', 10),
(573, 'MT27045198042673', 26),
(574, 'MT27045280736941', 16),
(575, 'MT27045280736941', 10),
(576, 'MT27045280736941', 26),
(577, '6990953359816406', 16),
(578, '6990930662954390', 16),
(579, '6990940117398025', 16),
(580, '6990946355801787', 16),
(581, '6990953082897769', 16),
(582, '0925401896473569', 25),
(583, '1151325903761428', 3),
(584, '1151325903761428', 25),
(585, 'UG10710328531974', 25),
(586, 'UG10710325138974', 25),
(587, '8790490840561461', 15),
(588, '8790491326594601', 15),
(589, '8790445782037169', 15),
(590, '5098019467508312', 15),
(591, '5098115234180796', 15),
(592, '5098115234180796', 25),
(593, '5098113890127465', 15),
(594, '8790490882671274', 15),
(595, 'C090223147259860', 25),
(596, 'C090226172580349', 25),
(597, '0612102338981012', 0),
(598, '0612102338981012', 3),
(599, '0612102338981012', 25),
(600, '0925541707206885', 15),
(601, '0925541707206885', 25),
(602, '0925520082176654', 15),
(603, '0925520082176654', 25),
(604, 'EC08421006829435', 15),
(605, 'EC08421006829435', 25),
(606, 'EC08421002895437', 15),
(607, 'EC08421002895437', 25),
(608, '1032062631840597', 15),
(609, '1032062631840597', 3),
(610, '1032062631840597', 25),
(611, '1316151785346209', 25),
(612, '0923740309512917', 15),
(613, '0923740309512917', 25),
(614, '8790485507164037', 15),
(615, '8811787196087150', 25),
(616, '8811705498461277', 25),
(617, '98445 3426158790', 16),
(618, '98445 3426158790', 26),
(619, '9844520526538863', 16),
(620, '9844520526538863', 26),
(621, '8811750537411607', 25),
(622, '1169655784910236', 3),
(623, '1169658960135274', 3),
(624, '1169656128475390', 3),
(625, '3307240766438278', 15),
(626, '3307240766438278', 25),
(627, '0934190581497847', 25),
(628, '3013852827106065', 16),
(629, '3013852827106065', 10),
(630, '3013852827106065', 26),
(631, '3013856890527018', 16),
(632, '3013856890527018', 10),
(633, '3013856890527018', 26),
(634, '3013867898330015', 16),
(635, '3013867898330015', 10),
(636, '3013867898330015', 26),
(637, '3013845870332469', 16),
(638, '3013845870332469', 10),
(639, '3013845870332469', 26),
(640, '3013870081353847', 16),
(641, '3013870081353847', 10),
(642, '3013870081353847', 26),
(643, '1041488051274396', 25),
(644, '4603766175821029', 15),
(645, '0935905088257614', 15),
(646, '0935905088257614', 25),
(647, '0965626059813137', 15),
(648, '0965626059813137', 25),
(649, 'MT21811825734906', 16),
(650, 'MT21815460187932', 16),
(651, 'MT21818547963210', 16),
(652, 'MT21818547963210', 26),
(653, '0801261642073985', 3),
(654, '0801261642073985', 25),
(655, '2224431256826498', 15),
(656, '0831172550481616', 3),
(657, '1232479720845613', 0),
(658, '1232479720845613', 25),
(659, '1232475491063872', 0),
(660, '1232475491063872', 25),
(661, 'UG10713043291087', 15),
(662, 'UG10713043291087', 25),
(663, '8700169124302378', 15),
(664, '8700191562748800', 15),
(665, '8700191562748800', 25),
(666, '8652964722375358', 3),
(667, '8652964722375358', 25),
(668, 'UG10611419450287', 25),
(669, 'UG10611420359167', 25),
(670, 'UG10611424063897', 25),
(671, 'CS97757051834629', 25),
(672, 'UG10323923479015', 25);

-- --------------------------------------------------------

--
-- Table structure for table `services`
--

CREATE TABLE IF NOT EXISTS `services` (
  `id` int(11) NOT NULL AUTO_INCREMENT,
  `service` varchar(64) NOT NULL,
  `description` varchar(500) NOT NULL,
  PRIMARY KEY (`id`),
  KEY `service` (`description`),
  KEY `id` (`id`)
) ENGINE=InnoDB  DEFAULT CHARSET=latin1 AUTO_INCREMENT=11 ;

--
-- Dumping data for table `services`
--

INSERT INTO `services` (`id`, `service`, `description`) VALUES
(1, 'degree_certi', 'Degree Certificates'),
(2, 'con_grade_sheet', 'Consolidated Grade Sheets'),
(3, 'transcripts5', 'Transcripts5'),
(4, 'transcripts10', 'Transcripts10'),
(5, 'tc', 'TC and Migration'),
(6, 'medium_of_instruction', 'Medium Of Instruction'),
(7, 'sem_grade_sheet', 'Semester Grade Sheets'),
(8, 'bonafide_certi', 'Bonafide Certificate'),
(9, 'conversion', 'CGPA To Percentage Conversion'),
(10, 'tcmigration', 'TC & Migration');

-- --------------------------------------------------------

--
-- Table structure for table `service_combinations`
--

CREATE TABLE IF NOT EXISTS `service_combinations` (
  `id` int(11) NOT NULL AUTO_INCREMENT,
  `service_id` int(11) NOT NULL,
  `original` int(11) NOT NULL,
  `duplicate` int(11) NOT NULL,
  PRIMARY KEY (`id`),
  KEY `service_id` (`service_id`)
) ENGINE=InnoDB  DEFAULT CHARSET=latin1 AUTO_INCREMENT=31 ;

--
-- Dumping data for table `service_combinations`
--

INSERT INTO `service_combinations` (`id`, `service_id`, `original`, `duplicate`) VALUES
(1, 1, 0, 0),
(2, 1, 0, 1),
(3, 1, 1, 0),
(4, 2, 0, 0),
(5, 2, 0, 1),
(6, 2, 1, 0),
(7, 3, 0, 0),
(8, 3, 0, 1),
(9, 3, 1, 0),
(10, 4, 0, 0),
(11, 4, 0, 1),
(12, 4, 1, 0),
(13, 5, 0, 0),
(14, 5, 0, 1),
(15, 5, 1, 0),
(16, 6, 0, 0),
(17, 6, 0, 1),
(18, 6, 1, 0),
(19, 7, 0, 0),
(20, 7, 0, 1),
(21, 7, 1, 0),
(22, 8, 0, 0),
(23, 8, 0, 1),
(24, 8, 1, 0),
(25, 9, 0, 0),
(26, 9, 0, 1),
(27, 9, 1, 0),
(28, 10, 0, 0),
(29, 10, 0, 1),
(30, 10, 1, 0);

-- --------------------------------------------------------

--
-- Table structure for table `transactions`
--

CREATE TABLE IF NOT EXISTS `transactions` (
  `id` int(11) NOT NULL AUTO_INCREMENT,
  `request_id` varchar(256) NOT NULL,
  `status` int(11) NOT NULL,
  `txnrefno` varchar(256) NOT NULL,
  `bankrefno` varchar(256) NOT NULL,
  `txnamount` varchar(64) NOT NULL,
  `errorStatus` varchar(32) NOT NULL,
  `errorDesc` text NOT NULL,
  PRIMARY KEY (`id`)
) ENGINE=InnoDB  DEFAULT CHARSET=latin1 AUTO_INCREMENT=187 ;

--
-- Dumping data for table `transactions`
--

INSERT INTO `transactions` (`id`, `request_id`, `status`, `txnrefno`, `bankrefno`, `txnamount`, `errorStatus`, `errorDesc`) VALUES
(1, '1272231834075296', 2, 'E5549075', 'NA', '9000', 'NA', 'TPPGE214'),
(2, '1272231834075296', 2, 'E5549075', 'NA', '9000', 'NA', 'TPPGE214'),
(3, '1272235796304218', 2, 'E5549282', 'NA', '9000', 'NA', 'TPPGE214'),
(4, '8112359635407128', 2, 'E5549317', 'NA', '9000', 'NA', 'TPPGE214'),
(5, '1272235420936817', 2, '211209377', '0', '9000', 'NA', 'TPPGE212'),
(6, '8112392417580369', 2, 'E5549587', 'NA', '9000', 'NA', 'TPPGE214'),
(7, '6002165641092387', 1, '211415646', '201603087422704', '1000', 'NA', 'NA'),
(8, '-591785927041642', 2, 'E5570421', 'NA', '1000', 'NA', 'TPPGE214'),
(9, '-157792849240180', 1, '212900762', '0934840350', '1000', 'NA', 'NA'),
(10, '0885027962834501', 1, '213559813', 'IG0BREMCJ9', '1000', 'NA', 'NA'),
(11, '9410606775481852', 1, '213754531', 'IG0BRHNEF1', '5000', 'NA', 'NA'),
(12, '3002728106345934', 2, '213860933', '0', '7224.74864725', 'NA', 'TPPGE212'),
(13, '9381825913076728', 1, '213948583', '160803902889', '1000', 'NA', 'NA'),
(14, '5725217503942679', 1, '214281888', '201603229596326', '1000', 'NA', 'NA'),
(15, '1272238974651203', 2, 'E5595526', 'NA', '1000', 'NA', 'TPPGE214'),
(16, '6003218341509267', 1, '215116711', '160866974449', '4000', 'NA', 'NA'),
(17, '0833822490614077', 1, '215935046', 'IG0BSRHKX1', '1000', 'NA', 'NA'),
(18, '9740932762700954', 2, 'E5609957', 'NA', '0', 'NA', 'TPPGE138'),
(19, '9740905754401962', 2, 'E5609999', 'NA', '0', 'NA', 'TPPGE138'),
(20, '9740983695809617', 2, 'E5610078', 'NA', '0', 'NA', 'TPPGE138'),
(21, '9740918049272406', 2, 'E5610132', 'NA', '0', 'NA', 'TPPGE138'),
(22, '3002747292851160', 2, 'E5610646', 'NA', '0', 'NA', 'TPPGE138'),
(23, '3002741909316722', 2, 'E5610649', 'NA', '0', 'NA', 'TPPGE138'),
(24, '3002798647542063', 2, 'E5613862', 'NA', '0', 'NA', 'TPPGE138'),
(25, '6002260215684973', 1, '216457184', '201604018950904', '1000', 'NA', 'NA'),
(26, '3002766520181547', 2, 'E5616626', 'NA', '0', 'NA', 'TPPGE138'),
(27, '3002710342903557', 1, '216566528', 'IG0BTBNHO9', '4000', 'NA', 'NA'),
(28, '6002164362071598', 2, 'E5616683', 'NA', '0', 'NA', 'TPPGE214'),
(29, '0711051008624392', 1, '217223768', '201604052699118', '4000', 'NA', 'NA'),
(30, '9844819047793438', 1, '217244394', '201604052797676', '1000', 'NA', 'NA'),
(31, '8628392476571618', 1, '217256261', '0946167950', '1000', 'NA', 'NA'),
(32, '0985478432486956', 1, '217311499', '201604053022827', '1000', 'NA', 'NA'),
(33, '1041053287461509', 1, '217340068', 'IG0BTOTVZ8', '700', 'NA', 'NA'),
(34, '6424051695237049', 1, '217434675', '0027212472', '1000', 'NA', 'NA'),
(35, '1371548601492573', 2, 'E5640059', 'NA', '0', 'NA', 'TPPGE154'),
(36, '1371545076923418', 2, 'E5640072', 'NA', '0', 'NA', 'TPPGE154'),
(37, '1371456107394258', 2, '218480048', '0', '5000', 'NA', 'TPPGE212'),
(38, '8613157016328495', 2, 'E5641590', 'NA', '1700', 'NA', 'TPPGE214'),
(39, '1022240541837269', 2, 'E5652336', 'NA', '700', 'NA', 'TPPGE214'),
(40, '1132015291687304', 1, '219309038', 'IG0BUVNGC8', '1000', 'NA', 'NA'),
(41, 'EC84466493275801', 2, 'E5662847', 'NA', '0', 'NA', 'TPPGE138'),
(42, 'EC84460896235714', 2, '220278947', '201604185510492', '4000', 'NA', 'TPPGE933-Declined by issuer'),
(43, 'EC84466947508123', 2, 'E5667988', 'NA', '0', 'NA', 'TPPGE138'),
(44, 'EC84463259671840', 2, 'E5668005', 'NA', '0', 'NA', 'TPPGE138'),
(45, '1346033870261954', 1, '221458306', '0956044052', '700', 'NA', 'NA'),
(46, '6002070876134952', 1, '222016025', '201604262384630', '1000', 'NA', 'NA'),
(47, '0623898434716207', 1, '222052811', '201604262510434', '1000', 'NA', 'NA'),
(48, '6002129547230681', 2, 'E5695351', 'NA', '5000', 'NA', 'TPPGE214'),
(49, '4422609915240858', 1, '222613084', '161207662062', '1000', 'NA', 'NA'),
(50, '9741646560294928', 2, 'E5699166', 'NA', '0', 'NA', 'TPPGE138'),
(51, '9741626419532758', 2, 'E5699195', 'NA', '0', 'NA', 'TPPGE138'),
(52, '9741651743506724', 2, 'E5699236', 'NA', '0', 'NA', 'TPPGE138'),
(53, '9741632651032409', 2, 'E5699261', 'NA', '0', 'NA', 'TPPGE138'),
(54, '9741689727503631', 2, 'E5702100', 'NA', '0', 'NA', 'TPPGE138'),
(55, '1126081058439762', 2, '222840366', 'IG0BXDISX0', '700', 'NA', 'Transaction Cancelled at Bank end'),
(56, '1126084093517268', 1, '222840973', 'IG0BXDIWQ7', '1700', 'NA', 'NA'),
(57, '1122105248190763', 2, '223654322', '201605038865985', '1000', 'NA', 'TPPGE900-Cancel by user in OTP/3DSecure capture Page'),
(58, '4140386106950719', 1, '223702027', '201605039077120', '1000', 'NA', 'NA'),
(59, '9741603477859462', 2, 'E5715495', 'NA', '0', 'NA', 'TPPGE138'),
(60, '9740983647829735', 2, 'E5718124', 'NA', '0', 'NA', 'TPPGE138'),
(61, '3020627891369502', 1, '224125316', '201605050867121', '1000', 'NA', 'NA'),
(62, '0935917785035234', 1, '224675337', '201605072963825', '1000', 'NA', 'NA'),
(63, '1444778567301492', 2, '224823979', '0', '5700', 'NA', 'TPPGE212'),
(64, '3406070715364294', 2, '225132756', '0', '1000', 'NA', 'TPPGE120'),
(65, '4407608395421726', 1, '225362525', '201605105909117', '1000', 'NA', 'NA'),
(66, 'ug10712512648597', 1, '225594781', '201605116886653', '1000', 'NA', 'NA'),
(67, '0520916907632288', 2, 'E5741921', 'NA', '0', 'NA', 'TPPGE138'),
(68, '0520917467342953', 2, 'E5741938', 'NA', '0', 'NA', 'TPPGE138'),
(69, '9740941062899531', 1, '226146289', '0969019851', '4000', 'NA', 'NA'),
(70, '0520948146562385', 2, 'E5752111', 'NA', '0', 'NA', 'TPPGE138'),
(71, '8806469211073056', 2, '226748412', '0', '700', 'NA', 'TPPGE212'),
(72, '8806616038772384', 2, '226749672', '201605172110055', '700', 'NA', 'TPPGE933-Declined by issuer'),
(73, '8700761329384407', 2, 'E5755562', 'NA', '0', 'NA', 'TPPGE138'),
(74, '8700786726495012', 2, 'E5755579', 'NA', '0', 'NA', 'TPPGE138'),
(75, '8700755727809623', 2, 'E5755623', 'NA', '0', 'NA', 'TPPGE138'),
(76, '8806877548230130', 2, '226918483', '201605182725646', '700', 'NA', 'TPPGE933-Declined by issuer'),
(77, 'UG10414103678259', 2, '227297478', 'IG0CABIDM8', '1000', 'NA', 'TPPGE120'),
(78, 'UG10414108794251', 1, '227298518', '201605194338650', '1000', 'NA', 'NA'),
(79, '8806p50411027336', 1, '227426335', '201605204822753', '700', 'NA', 'NA'),
(80, '0520913890406715', 2, 'E5764812', 'NA', '0', 'NA', 'TPPGE138'),
(81, '0520908405621369', 2, 'E5777567', 'NA', '0', 'NA', 'TPPGE138'),
(82, '0520939865361457', 2, 'E5781877', 'NA', '0', 'NA', 'TPPGE138'),
(83, '0781028565160337', 2, '228909008', '201605260749260', '700', 'NA', 'TPPGE933-Declined by issuer'),
(84, '0781002594317956', 1, '229027949', '201605271291763', '700', 'NA', 'NA'),
(85, '1142133246159807', 2, 'E5784620', 'NA', '0', 'NA', 'TPPGE154'),
(86, '1142132934567180', 2, 'E5784715', 'NA', '0', 'NA', 'TPPGE154'),
(87, '1142138230917465', 2, 'E5784734', 'NA', '0', 'NA', 'TPPGE138'),
(88, '0829746839972140', 1, '229700928', '201605304509334', '700', 'NA', 'NA'),
(89, '5002015031946287', 2, 'E5809697', 'NA', '0', 'NA', 'TPPGE154'),
(90, '5002015196308472', 2, 'E5809701', 'NA', '0', 'NA', 'TPPGE154'),
(91, '5002157840125396', 2, 'E5809702', 'NA', '0', 'NA', 'TPPGE138'),
(92, '5002011052673948', 2, 'E5809707', 'NA', '0', 'NA', 'TPPGE138'),
(93, 'Bhagavathula4915', 2, 'E5810643', 'NA', '0', 'NA', 'TPPGE154'),
(94, '5002157082615493', 2, 'E5810691', 'NA', '0', 'NA', 'TPPGE138'),
(95, '5002159832467510', 2, 'E5810756', 'NA', '0', 'NA', 'TPPGE138'),
(96, '5002014381607925', 2, 'E5813497', 'NA', '0', 'NA', 'TPPGE138'),
(97, '5002150185924736', 2, 'E5817402', 'NA', '0', 'NA', 'TPPGE138'),
(98, '1032242093845671', 1, '231311104', '201606051349511', '700', 'NA', 'NA'),
(99, '7860171692042533', 2, 'E5821873', 'NA', '0', 'NA', 'TPPGE138'),
(100, '7860147805184719', 2, 'E5821936', 'NA', '0', 'NA', 'TPPGE138'),
(101, '5002017690432581', 2, 'E5824531', 'NA', '0', 'NA', 'TPPGE154'),
(102, '5002018526931740', 2, 'E5832139', 'NA', '0', 'NA', 'TPPGE154'),
(103, '7860187969544152', 2, 'E5836259', 'NA', '0', 'NA', 'TPPGE138'),
(104, '7860141760096213', 2, 'E5836264', 'NA', '0', 'NA', 'TPPGE138'),
(105, '7860195430156916', 2, 'E5836270', 'NA', '0', 'NA', 'TPPGE138'),
(106, '5002010987134625', 2, 'E5836508', 'NA', '0', 'NA', 'TPPGE154'),
(107, '5002010123598467', 2, 'E5839857', 'NA', '0', 'NA', 'TPPGE154'),
(108, '5002018452671093', 2, 'E5846207', 'NA', '0', 'NA', 'TPPGE154'),
(109, '5002016547321098', 1, '233259035', '0986066590', '1700', 'NA', 'NA'),
(110, '5002016410295783', 2, '233519205', '0', '1700', 'NA', 'Transaction Cancelled at Bank end'),
(111, '5002013691042587', 2, 'E5849887', 'NA', '0', 'NA', 'TPPGE138'),
(112, '5002155648173209', 1, '233528966', '0986655318', '1700', 'NA', 'NA'),
(113, '5002018316507429', 1, '233530580', '0986658725', '1700', 'NA', 'NA'),
(114, '5002018963457210', 1, '233532149', '0986662758', '1700', 'NA', 'NA'),
(115, '0721019674820683', 2, 'E5850546', 'NA', '0', 'NA', 'TPPGE138'),
(116, '0721084823156913', 2, 'E5850562', 'NA', '0', 'NA', 'TPPGE138'),
(117, '0721084823156913', 2, 'E5850562', 'NA', '0', 'NA', 'TPPGE138'),
(118, '0721074866291283', 1, '233568713', '161667392324', '1000', 'NA', 'NA'),
(119, '0840626411549028', 1, '233702656', '201606141498661', '700', 'NA', 'NA'),
(120, 'UG10413681940752', 1, '235082354', '108412418678703', '1000', 'NA', 'NA'),
(121, '1375571970863245', 1, '235746770', '423647563', '1000', 'NA', 'NA'),
(122, '9725122758010683', 1, '235864017', '161742546967', '1000', 'NA', 'NA'),
(123, '3013872408638155', 2, 'E5897300', 'NA', '0', 'NA', 'TPPGE138'),
(124, '3013812849054985', 2, 'E5897306', 'NA', '0', 'NA', 'TPPGE138'),
(125, '3013841848713396', 2, 'E5897310', 'NA', '0', 'NA', 'TPPGE138'),
(126, '3013809631536824', 2, 'E5897311', 'NA', '0', 'NA', 'TPPGE154'),
(127, '0862756751824396', 1, '237022203', '0993465326', '1000', 'NA', 'NA'),
(128, '0433893402875142', 1, '237071561', 'IG0CGAGBS0', '700', 'NA', 'NA'),
(129, '0133774355132909', 1, '237397437', '0994415300', '1000', 'NA', 'NA'),
(130, '5719364092179560', 2, 'E5912921', 'NA', '0', 'NA', 'TPPGE138'),
(131, 'C080399546182370', 1, '237747814', '0995706565', '1000', 'NA', 'NA'),
(132, '5719628432491691', 2, 'E5912969', 'NA', '0', 'NA', 'TPPGE154'),
(133, '5719381056124990', 2, 'E5921274', 'NA', '0', 'NA', 'TPPGE138'),
(134, '1315647930186524', 1, '238514415', '201607041792568', '1000', 'NA', 'NA'),
(135, '5210318465247893', 1, '238780420', '201607053014845', '4000', 'NA', 'NA'),
(136, 'ME09342835490612', 1, '238865622', '201607053441556', '1000', 'NA', 'NA'),
(137, 'MT27043874916052', 2, 'E5928751', 'NA', '0', 'NA', 'TPPGE138'),
(138, '0945268109604743', 1, '239194412', '161892072495', '1000', 'NA', 'NA'),
(139, '7613385416109639', 2, 'E5937216', 'NA', '0', 'NA', 'TPPGE138'),
(140, '7613385416109639', 2, 'E5937216', 'NA', '0', 'NA', 'TPPGE138'),
(141, '7613333425407685', 2, 'E5937240', 'NA', '0', 'NA', 'TPPGE138'),
(142, '7613333425407685', 2, 'E5937240', 'NA', '0', 'NA', 'TPPGE138'),
(143, '6472027581249185', 1, '239843322', '201607108206981', '1000', 'NA', 'NA'),
(144, '0982048353749298', 1, '239938839', 'IG0CHYKLX0', '1000', 'NA', 'NA'),
(145, '7613384471683500', 2, 'E5945235', 'NA', '0', 'NA', 'TPPGE138'),
(146, '7613356526194933', 2, 'E5945242', 'NA', '0', 'NA', 'TPPGE138'),
(147, '7613356526194933', 2, 'E5945242', 'NA', '0', 'NA', 'TPPGE138'),
(148, 'EE08247521860793', 1, '240608845', 'IG0CIKHOT1', '1700', 'NA', 'NA'),
(149, 'MT27045198042673', 2, 'E5955753', 'NA', '0', 'NA', 'TPPGE138'),
(150, 'MT27045280736941', 2, 'E5955788', 'NA', '0', 'NA', 'TPPGE138'),
(151, '6990930662954390', 2, 'E5963564', 'NA', '0', 'NA', 'TPPGE138'),
(152, '6990930662954390', 2, 'E5963564', 'NA', '0', 'NA', 'TPPGE138'),
(153, '6990940117398025', 2, 'E5963771', 'NA', '0', 'NA', 'TPPGE138'),
(154, '6990946355801787', 2, 'E5967315', 'NA', '0', 'NA', 'TPPGE138'),
(155, '6990953082897769', 2, 'E5967354', 'NA', '0', 'NA', 'TPPGE138'),
(156, '1151325903761428', 2, 'E5971104', 'NA', '700', 'NA', 'TPPGE214'),
(157, '5098019467508312', 1, '242506753', '00000000-0000-0000-1607-211551754700', '1000', 'NA', 'NA'),
(158, '5098113890127465', 1, '242520877', '00000000-0000-0000-1607-211637964800', '1000', 'NA', 'NA'),
(159, '0612102338981012', 1, '242741150', '429327389', '700', 'NA', 'NA'),
(160, '0925541707206885', 2, '242912147', '0', '1000', 'NA', 'TPPGE212'),
(161, '0925520082176654', 1, '242912389', '00000000-0000-0000-1607-230736121900', '1000', 'NA', 'NA'),
(162, 'EC08421002895437', 1, '243132245', '429561237', '1000', 'NA', 'NA'),
(163, '1032062631840597', 1, '243347897', '162072989638', '1700', 'NA', 'NA'),
(164, '0923740309512917', 1, '243626729', '162083698568', '1000', 'NA', 'NA'),
(165, '8790485507164037', 1, '243640546', '201607264902845', '1000', 'NA', 'NA'),
(166, '98445 3426158790', 2, 'E5999056', 'NA', '0', 'NA', 'TPPGE138'),
(167, '9844520526538863', 2, 'E5999064', 'NA', '0', 'NA', 'TPPGE138'),
(168, '1169656128475390', 2, '244023694', 'IG0CKOZCI4', '700', 'NA', 'TPPGE120'),
(169, '3307240766438278', 1, '244567211', '201607308423910', '1000', 'NA', 'NA'),
(170, '3013852827106065', 2, 'E6012866', 'NA', '0', 'NA', 'TPPGE154'),
(171, '3013856890527018', 2, 'E6012867', 'NA', '0', 'NA', 'TPPGE138'),
(172, '3013867898330015', 2, 'E6012869', 'NA', '0', 'NA', 'TPPGE138'),
(173, '3013845870332469', 2, 'E6012874', 'NA', '0', 'NA', 'TPPGE154'),
(174, '3013870081353847', 2, 'E6012875', 'NA', '0', 'NA', 'TPPGE138'),
(175, '4603766175821029', 1, '245044957', '201608010380247', '1000', 'NA', 'NA'),
(176, '0935905088257614', 1, '245438897', '201608032112645', '1000', 'NA', 'NA'),
(177, '0965626059813137', 1, '245508625', '1016395060', '1000', 'NA', 'NA'),
(178, 'MT21811825734906', 2, 'E6020902', 'NA', '0', 'NA', 'TPPGE138'),
(179, 'MT21815460187932', 2, 'E6020912', 'NA', '0', 'NA', 'TPPGE138'),
(180, 'MT21818547963210', 2, 'E6020929', 'NA', '0', 'NA', 'TPPGE154'),
(181, '2224431256826498', 1, '245809205', '1017385167', '1000', 'NA', 'NA'),
(182, '0831172550481616', 1, '246062100', '201608054716260', '700', 'NA', 'NA'),
(183, 'UG10713043291087', 1, '246537818', '1019357654', '1000', 'NA', 'NA'),
(184, '8700169124302378', 2, '246809798', '201608098080157', '1000', 'NA', 'TPPGE900-Cancel by user in OTP/3DSecure capture Page'),
(185, '8700191562748800', 1, '246812743', '201608098086781', '1000', 'NA', 'NA'),
(186, '8652964722375358', 1, '246818354', 'IG0CMLZHK7', '700', 'NA', 'NA');

-- --------------------------------------------------------

--
-- Table structure for table `uploaded_documents`
--

CREATE TABLE IF NOT EXISTS `uploaded_documents` (
  `id` int(11) NOT NULL AUTO_INCREMENT,
  `request_id` varchar(256) NOT NULL,
  `doc1` varchar(256) NOT NULL,
  `secondary_type` int(2) NOT NULL COMMENT '1=Provisional , 2=Notorized, 3=Degree',
  PRIMARY KEY (`id`),
  UNIQUE KEY `request_id` (`request_id`),
  KEY `request_id_2` (`request_id`),
  KEY `request_id_3` (`request_id`)
) ENGINE=InnoDB  DEFAULT CHARSET=latin1 AUTO_INCREMENT=341 ;

--
-- Dumping data for table `uploaded_documents`
--

INSERT INTO `uploaded_documents` (`id`, `request_id`, `doc1`, `secondary_type`) VALUES
(7, '1172499318624075', '', 4),
(8, '6002168205643719', 'Post Graduation.pdf', 3),
(9, '6002161059248763', 'Suresh marksheets and degree.rar', 4),
(10, '6002165641092387', 'Suresh marksheets and degree.zip', 4),
(11, '9790885230244710', 'Degree_certificate.pdf', 3),
(18, '9634724769031695', 'Abhishek Bhatia - Transcript.pdf', 4),
(19, '9383192746205765', 'Ashu personal documents0001 (1).pdf', 4),
(21, '-591785927041642', 'Degree_Certificate.zip', 3),
(22, '-157792849240180', 'NITWDocs.zip', 4),
(23, 'UG10311108639214', 'Beera BTech.pdf', 1),
(24, '0928067056148789', 'Avinash Memo.pdf', 4),
(25, '1172519534762810', 'convert-jpg-to-pdf.net_2016-03-18_03-45-37.pdf', 1),
(26, '0885027962834501', 'CERTIFICATES.pdf', 1),
(28, '9410653610252883', 'BTech.pdf', 1),
(29, '9410606775481852', 'BTech.pdf', 1),
(30, '3002728106345934', 'Proof of graduating from NIT Warangal.zip', 1),
(32, '9130865865904173', 'WES report.pdf', 1),
(33, '9303912308764150', 'grad_marksheet.pdf', 1),
(34, '5725217503942679', 'BTech Degree.pdf', 3),
(37, '0833856731846107', 'image.jpg', 3),
(38, '0833849217703896', 'guguloth premnath 2008 batch (08338).pdf', 3),
(39, '6003218341509267', 'OD Pavani.pdf', 3),
(40, '1032032908137645', 'Proof of graduating from NIT Warangal.pdf', 1),
(42, '9740989847465532', 'college degree certificate and mark sheets.zip', 3),
(43, '0833872396101874', 'guguloth premnath 2008 batch (08338).pdf', 3),
(44, '0833856213187975', 'guguloth premnath consolidated grade sheet.pdf', 4),
(45, '0833808950393712', 'guguloth premnath ,2008 mechanical, 08338, consolidated grade sheet + degree certificate.pdf', 4),
(46, '0833822490614077', 'guguloth premnath ,2008 mechanical, 08338, consolidated grade sheet + degree certificate.pdf', 3),
(47, '1131310982413765', 'M.M.Abbas(pass certificate).pdf', 1),
(48, '9740904352859876', 'college degree certificate and mark sheets.zip', 3),
(49, '9740932762700954', 'college degree certificate and mark sheets.zip', 3),
(50, '9740905754401962', 'college degree certificate and mark sheets.zip', 3),
(51, '9740983695809617', 'college degree certificate and mark sheets.zip', 3),
(52, '9740918049272406', 'college degree certificate and mark sheets.zip', 3),
(53, '3002747292851160', 'Ashwini_NITW Provisional pass Certificates (1).pdf', 1),
(54, '3002759682273864', 'Ashwini_NITW Provisional pass Certificates (1).pdf', 1),
(55, '3002741909316722', 'Ashwini_NITW Provisional pass Certificates (1).pdf', 1),
(56, '3002798647542063', 'Ashwini_NITW Provisional pass Certificates (1).pdf', 1),
(57, '3002709824870154', 'Ashwini_NITW Provisional pass Certificates (1).pdf', 1),
(58, '3002789072268313', 'Ashwini_NITW Provisional pass Certificates (1).pdf', 1),
(59, '2022983732459191', '', 1),
(60, '2022907584316276', '', 1),
(61, 'UG10322298367410', 'nitw certificate.pdf', 3),
(62, '6002260215684973', 'Sujatha - 600226- MCA.zip', 3),
(63, '3002766520181547', 'Ashwini_NITW Provisional pass Certificates (1).pdf', 1),
(64, '3002710342903557', 'Ashwini_NITW Provisional pass Certificates (1).pdf', 1),
(65, '4657890036549281', 'DC - Smart City.pdf', 1),
(66, '6002164362071598', 'Post Graduation.pdf', 1),
(67, '0711051008624392', 'merged_document_07110.pdf', 1),
(68, '9844819047793438', 'BTech_MarksCertificate_All4Years.PDF', 4),
(69, '8628392476571618', 'degree certi.pdf', 3),
(70, '0985478432486956', 'porivsional.pdf', 1),
(71, '1041053287461509', 'provisional_cert.pdf', 1),
(72, '6424051695237049', '3. Graduation Mark sheet.pdf', 4),
(73, '1371548601492573', 'Acad Calendar 2015-16.pdf', 1),
(74, '6788382945517436', 'Acad Calendar 2015-16.pdf', 1),
(75, '1371545076923418', '2015-GHC-Scholarship-Reviewers.pdf', 1),
(76, '1072232417965083', 'New Doc 1_1.pdf', 3),
(77, '1272234306829715', 'bootstrap.css.map', 1),
(78, '1371456107394258', 'template.txt', 1),
(79, '8613157016328495', 'Marksheet.docx', 1),
(80, '1234569358702641', 'Marksheet.docx', 1),
(81, '7097650387292918', 'PHD Covocations.jpeg', 3),
(82, '1022240541837269', 'convert-jpg-to-pdf.net_2016-04-13_20-31-43.pdf', 1),
(83, '1132018956104732', 'Degree.jpg', 3),
(84, '1132015291687304', 'Transcripts.pdf', 3),
(85, '1146097321084659', 'm.tech.jpg', 3),
(86, '1369112684970153', 'provisional.jpg', 1),
(87, '1369119315480276', 'provisional.jpg', 1),
(88, '1369116419382075', 'provisional.jpg', 1),
(89, '1369112801976345', 'provisional.jpg', 1),
(90, '1369110148735962', 'provisional.jpg', 1),
(91, 'EC84466493275801', 'College Degree certificate.jpg', 3),
(92, 'EC84460896235714', 'Nissy Elsa John - EC8446.pdf', 3),
(93, 'EC84469345817620', 'Nissy Elsa John - EC8446.pdf', 3),
(94, 'EC84466947508123', 'Nissy Elsa John - EC8446.pdf', 3),
(95, 'EC84463259671840', 'Nissy Elsa John - EC8446.pdf', 3),
(96, '9303280601195865', 'grad_marksheet.pdf', 3),
(97, '3406155816964293', 'Anuj B.Tech Degree Front.pdf', 3),
(98, '1031141357294086', 'Provisional Certi.pdf', 1),
(99, '1223459580762314', 'Provisional pass certificate & consolidate grade sheet.pdf', 1),
(100, '1346033870261954', 'Provisional pass certificate & Consolidate grade sheet.pdf', 1),
(101, '0941028963742501', 'All proofs.pdf', 1),
(102, '6002070876134952', 'MCA.zip', 3),
(103, '0623898434716207', 'Transcript.pdf', 3),
(104, '1002043476258019', 'M.TECH.jpg', 3),
(105, '1002047463910528', 'M.TECH.jpg', 3),
(106, '1002041207568349', 'M.TECH.jpg', 3),
(107, '6002129547230681', 'jyotikitchenlogo.png', 3),
(108, '8542745510940962', 'Shiva_2.pdf', 3),
(109, '1116031326809754', 'IMG_20160428_0001_NEW.pdf', 3),
(110, '4422609915240858', 'Proof-Of-Graduating-Jagadeesh.zip', 1),
(111, '9741646560294928', 'Chitiz Mathema 97416 Provisional pass Certificate.pdf', 1),
(112, '9741626419532758', 'Chitiz Mathema 97416 Provisional pass Certificate.pdf', 1),
(113, '9741651743506724', 'Chitiz Mathema 97416 Provisional pass Certificate.pdf', 1),
(114, '9741632651032409', 'Chitiz Mathema 97416 Provisional pass Certificate.pdf', 1),
(115, '9741647080971226', 'Chitiz Mathema 97416 Provisional pass Certificate.pdf', 1),
(116, '9741689727503631', 'Chitiz Mathema 97416 Provisional pass Certificate.pdf', 1),
(117, '1126081058439762', 'provisional degree.jpg', 1),
(118, '1126084093517268', 'provisional degree.jpg', 1),
(119, '1878781473068952', 'test.exe', 3),
(120, '1272235794238061', '20150728_184936.jpg', 1),
(121, '1122106793420851', 'Graduaton certificate.pdf', 3),
(122, '1122105248190763', 'Graduaton certificate.pdf', 3),
(123, '4140386106950719', 'BTech Certificate.pdf', 3),
(124, '9741603477859462', 'Chitiz Mathema 97416 Provisional pass Certificate.pdf', 1),
(125, '9740983647829735', 'college degree certificate and mark sheets.zip', 3),
(126, '1362223869210475', 'Nukala Ravali_Bonafied Certificate.JPG', 4),
(127, '3020627891369502', 'marksheetss pdf.pdf', 1),
(128, '0935917785035234', '116R1A0206 022.jpg', 3),
(129, '1444778567301492', 'sw.js', 1),
(130, '1272232137684059', '', 1),
(131, '1272230842673591', '', 1),
(132, '6107114562394290', 'Certificate.jpg', 3),
(133, '3406070715364294', 'Anuj B.Tech Degree Front.pdf', 3),
(134, '4407608395421726', 'Arjun Prasad Kottana_4407_ECE_2008.pdf', 3),
(135, '9400930968615578', 'MTech.pdf', 3),
(136, 'ug10712512648597', 'Transcripts-nitw.pdf', 3),
(137, '6107469857740913', 'Certificate.jpg', 3),
(138, '1369609478203516', 'PC memo.pdf', 1),
(139, '0520916907632288', 'Binder1.pdf', 3),
(140, '0520917467342953', 'Binder1.pdf', 3),
(141, '8728157790603312', 'bacheloroftech.pdf', 3),
(142, '9740941062899531', 'B_Muralidharan_97409.zip', 4),
(143, '1002044512389706', 'M.TECH-1002041207568349.jpg', 3),
(144, '0535182446959003', 'Provisional Pass Certificate.pdf', 1),
(145, '0535121867051392', 'Degree Cetrificate and Provisional Pass Certificate_merged.pdf', 4),
(146, '0520948146562385', 'Binder1.pdf', 3),
(147, '1149590139682547', 'convert-jpg-to-pdf.net_2016-05-17_08-16-26.pdf', 1),
(148, '8806391086748130', 'merged_document.pdf', 1),
(149, '8806893986041467', 'merged_document.pdf', 1),
(150, '8806469211073056', 'merged_document.pdf', 1),
(151, '8806616038772384', 'merged_document.pdf', 1),
(152, '8700761329384407', 'MTech Provisional.pdf', 1),
(153, '8700786726495012', 'MTech Provisional.pdf', 1),
(154, '8700755727809623', 'MTech Provisional.pdf', 1),
(155, 'UG10624461837054', 'img431.pdf', 1),
(156, 'UG10624483417295', 'img431.pdf', 1),
(157, '8806877548230130', 'PC and CGS.pdf', 1),
(158, '8806365687911207', 'PC and CGS.pdf', 1),
(159, '8806579784122603', 'PC and CGS.pdf', 1),
(160, '4456447509613482', 'test.txt', 3),
(161, '1179251625094387', 'MCA_degree.pdf', 3),
(162, 'UG10414103678259', 'Degree_UG104141_Niraj Acharya.pdf', 3),
(163, 'UG10414108794251', 'Degree_UG104141_Niraj Acharya.pdf', 1),
(164, '8806846504825709', 'PC and CGS.pdf', 1),
(165, '8806p50411027336', 'PC and CGS.pdf', 1),
(166, 'EE08239310597846', 'vsrkarra_CV.pdf', 3),
(167, '0520913890406715', 'Binder1.pdf', 3),
(168, '1041521065234978', 'New Doc 1.pdf', 1),
(169, '1041527259086341', 'New Doc 1.pdf', 1),
(170, '0520908405621369', 'Binder1.pdf', 3),
(171, '1142133254906817', 'degree_Certificate.pdf', 3),
(172, '0520939865361457', 'Binder1.pdf', 3),
(173, '0781028565160337', 'Degree.zip', 3),
(174, '0781002594317956', 'Certificates.zip', 3),
(175, '1142133246159807', 'certificates.pdf', 3),
(176, '1142132934567180', 'certificates.pdf', 3),
(177, '1142131932856047', 'certificates.pdf', 3),
(178, '1142138230917465', 'certificates.pdf', 3),
(179, 'UG10416297621045', 'Image0531.PDF', 3),
(180, '0985907724985346', 'NIT DOCS.pdf', 1),
(181, '0829746839972140', 'merged_document.pdf', 1),
(182, '1259104129086357', 'SADANAN BHOI MSC (1).pdf', 4),
(183, '1259107415368902', 'SADANAN BHOI MSC (1).pdf', 4),
(184, '5002015031946287', 'PG-Convo.jpg', 3),
(185, '5002015196308472', 'PG-Convo.jpg', 3),
(186, '5002157840125396', 'PG-Convo.jpg', 3),
(187, '5002011052673948', 'PG-Convo.jpg', 3),
(188, 'Bhagavathula4985', 'PG-Convo.jpg', 3),
(189, 'Bhagavathula4915', 'Suman-Documents.zip', 3),
(190, '5002157082615493', 'Suman-Documents.zip', 3),
(191, '5002159832467510', 'Suman-Documents.zip', 3),
(192, '1269635609382471', 'scan0001.pdf', 4),
(193, '5002014381607925', 'Suman_NITW.zip', 3),
(194, '5002150185924736', 'SumanNITW.zip', 3),
(195, '1032242093845671', 'scan0001_5.pdf', 4),
(196, '0642558004762986', 'merged_document_2.pdf', 1),
(197, '7860171692042533', '78601_prov_pass.pdf', 1),
(198, '7860147805184719', 'Phaniraj_Degree.pdf', 3),
(199, '5002017690432581', 'SumanNITW.zip', 3),
(200, '1410302146205871', 'finalsmack_2.exe', 3),
(201, '8465022198014395', 'smackdown2.exe', 3),
(202, '4706355437916802', 'smackdown2.exe', 3),
(203, '5002018526931740', 'SumanNITW.zip', 3),
(204, '9400980084913469', 'MTech transcripts.pdf', 3),
(205, '7860187969544152', '78601_prov_pass.pdf', 1),
(206, '7860141760096213', 'Phaniraj_Degree.pdf', 3),
(207, '7860195430156916', 'Phaniraj_Degree.pdf', 3),
(208, '5002010987134625', 'Suman_NITW.zip', 3),
(209, 'UG10622005768912', 'KRUNAL0001.pdf', 3),
(210, 'ME09311607264385', 'Cheque.docx', 3),
(211, '5002010123598467', 'SumanNITW.zip', 4),
(212, '5002018452671093', 'SumanNITW.zip', 3),
(213, '5002016547321098', 'SumanNITW.zip', 3),
(214, '5002016410295783', 'SumanNITW.zip', 3),
(215, '5002013691042587', 'SumanNITW.zip', 4),
(216, '9912330391845625', 'DEGREE MARKSHEETS.zip', 3),
(217, '5002155648173209', 'SumanNITW.zip', 4),
(218, '5002018316507429', 'SumanNITW.zip', 4),
(219, '5002018963457210', 'SumanNITW.zip', 4),
(220, '0721019674820683', 'Battula Swathi.pdf', 3),
(221, '0721084823156913', 'Battula Swathi.pdf', 3),
(222, '0721074866291283', 'Battula Swathi.pdf', 3),
(223, '0840626411549028', 'B.Tech Convocation Certificate.pdf', 3),
(224, '1226387461320598', 'M TECH MARKSHEET Degree Certificate PDF.zip', 3),
(225, '0093879376452810', 'BTech Certificate.pdf', 3),
(226, 'UG10413681940752', 'btech_certificate.pdf', 3),
(227, '1375574510892376', 'M.Tech-137557-Degree Certificate.pdf', 3),
(228, '1375571970863245', 'Rachel-Transcripts-Consolidated+Degree.pdf', 3),
(229, '9725122758010683', 'ProvisionalCertificate.zip', 1),
(230, '0830118503941762', 'M-TECH OD.pdf', 3),
(231, '1032180265839741', 'New Doc 13_1.pdf', 1),
(232, '1269639736102548', 'scan0001.pdf', 3),
(233, '0005428913087624', 'Instrumentation_Guide_2_0.pdf.pdf', 3),
(234, 'UG10416276843951', 'Image0531-1.PDF', 3),
(235, '3013872408638155', 'Kiran_DegreeConvocation.pdf', 3),
(236, '3013812849054985', 'Kiran_DegreeConvocation.pdf', 3),
(237, '3013841848713396', 'Kiran_DegreeConvocation.pdf', 3),
(238, '3013809631536824', 'Kiran_DegreeConvocation.pdf', 3),
(239, '1349127265041389', 'NIKITA.pdf', 1),
(240, '0433840561905689', 'IMG-20160627-WA0010.jpg', 1),
(241, '0862756751824396', 'doc.pdf', 3),
(242, '0433893402875142', 'IMG-20160627-WA0010.jpg', 1),
(243, '0823967404617233', 'Degree certificate.pdf', 3),
(244, '0133774355132909', 'CertificatesForTranscripts.pdf', 1),
(245, 'UG10322248209356', 'nitw certificate.pdf', 3),
(246, '5719239308875049', 'Transcripts.pdf', 4),
(247, '5719364092179560', 'btech_provisional.pdf', 1),
(248, 'C080391903678245', 'Transcript_degree_certificate.pdf', 3),
(249, 'C080399546182370', 'Degree_and_Overall_Grade_Cerficicate.pdf', 3),
(250, '5719226857405733', 'Transcripts-Sravan.pdf', 4),
(251, '5719041953808976', 'Transcripts-Sravan.pdf', 4),
(252, '5719628432491691', 'Transcripts-Sravan.pdf', 4),
(253, '5719381056124990', 'Transcripts-Sravan.pdf', 4),
(254, '0855383204177392', 'B_Tech Degree.pdf', 3),
(255, '1315646142509738', 'New Document 1-Page 1.pdf', 3),
(256, '1315643928514067', 'New Document 1-Page 1.pdf', 3),
(257, '1315647930186524', 'New Document 1-Page 1.pdf', 3),
(258, '8712634150936872', 'Docs.zip', 3),
(259, '9109433752278418', 'Graduation.pdf-1.pdf', 3),
(260, '5210256408919168', 'Graduation.pdf-1.pdf', 4),
(261, '5210318465247893', 'Graduation.pdf-1.pdf', 4),
(262, 'ME09342835490612', 'Transcripts.pdf', 3),
(263, 'MT27043874916052', 'udaya_allu_MTech_Transcripts.pdf', 1),
(264, '0945268109604743', 'B.tech Degree Certificate 9452.pdf', 3),
(265, '0846793986440775', 'DEGREECG.PDF', 3),
(266, '9765903862451837', 'B.Tech_Documents.pdf', 3),
(267, '7613385416109639', 'B TECH at REC Warangal.pdf', 1),
(268, '7613333425407685', 'B TECH at REC Warangal.pdf', 1),
(269, '1412500635142908', '__ Guru Nanak Dev University, Amritsar __.pdf', 3),
(270, '6472027581249185', 'degree.pdf', 3),
(271, '0982048353749298', 'Picture 002.jpg', 1),
(272, '1269645724986031', 'PROVISIONAL.jpg', 1),
(273, 'UG10323945681293', 'proof.zip', 3),
(274, '7613384471683500', 'B TECH at REC Warangal.pdf', 4),
(275, '7613356526194933', 'B TECH at REC Warangal.pdf', 3),
(276, '9434759630229840', 'provisional.pdf', 1),
(277, 'EE08247521860793', 'kb2.jpg', 1),
(278, '1023451297536480', '3166-12991-1-PB.pdf', 1),
(279, 'M080120895721463', 'B. Tech Transcripts and DEGREE.pdf', 3),
(280, 'MT27045198042673', 'udaya_allu_MTech_Transcripts.pdf', 1),
(281, 'MT27045280736941', 'udaya_allu_MTech_Transcripts - Copy.pdf', 3),
(282, '6990930662954390', 'BTechDocumentsSrinivasKarra.pdf', 1),
(283, '6990940117398025', 'BTechDocumentsSrinivasKarra.pdf', 1),
(284, '6990946355801787', 'BTechDocumentsSrinivasKarra.pdf', 3),
(285, '6990953082897769', 'BTechDocumentsSrinivasKarra.pdf', 3),
(286, '0925401896473569', 'convert-jpg-to-pdf.net_2016-07-19_08-58-42.pdf', 1),
(287, '1151325903761428', 'Scan1.JPG', 1),
(288, 'UG10710328531974', 'Documents.pdf', 1),
(289, 'UG10710325138974', 'Documents.pdf', 1),
(290, '8790490840561461', 'MCA Proofs.zip', 1),
(291, '8790491326594601', 'MCA Proofs.zip', 1),
(292, '8790445782037169', 'MCA Proofs.zip', 1),
(293, '5098019467508312', 'MSc Documents.zip', 3),
(294, '5098115234180796', 'Srikanth MSc Documents.zip', 3),
(295, '5098113890127465', 'Srikanth MSc Documents.zip', 3),
(296, '8790490882671274', 'MCA Proofs.zip', 4),
(297, 'C090223147259860', 'merged_document.pdf', 1),
(298, 'C090226172580349', 'merged_document.pdf', 1),
(299, '0612102338981012', 'SCAN.jpeg', 1),
(300, '0925541707206885', 'Graduation Certificat.pdf', 3),
(301, '0925520082176654', 'Graduation Certificat.pdf', 3),
(302, 'EC08421006829435', 'M-Tech_OD.pdf', 3),
(303, 'EC08421002895437', 'M-Tech_OD.pdf', 3),
(304, '1032062631840597', 'NITW_Course Completion Certificate.pdf', 4),
(305, '1316151785346209', 'mtech pc.pdf', 1),
(306, '0923740309512917', 'Consoldiated Merged Education Certificate NITW.pdf', 1),
(307, '8790485507164037', 'MCA certfs.zip', 1),
(308, '8811705498461277', 'be.jpg', 3),
(309, '98445 3426158790', 'Bachelors-DegreeCertificate.PDF', 3),
(310, '9844520526538863', 'Bachelors-DegreeCertificate.PDF', 3),
(311, '8811750537411607', '88117 Degree n PC.zip', 1),
(312, '1169655784910236', 'M.Sc Provisional0001.pdf', 1),
(313, '1169658960135274', 'M.Sc Provisional0001.pdf', 1),
(314, '1169656128475390', 'M.Sc Provisional0001.pdf', 1),
(315, '3307240766438278', '3307.pdf', 3),
(316, '0934190581497847', 'merged_document.pdf', 1),
(317, '3013852827106065', 'Kiran_DegreeConvocation.pdf', 3),
(318, '3013856890527018', 'Kiran_DegreeConvocation.pdf', 3),
(319, '3013867898330015', 'Certificates.zip', 3),
(320, '3013845870332469', 'Kiran_DegreeConvocation.pdf', 3),
(321, '3013870081353847', 'Kiran_DegreeConvocation.pdf', 3),
(322, '1041488051274396', 'degree.pdf', 3),
(323, '4603766175821029', 'merged_document.pdf', 3),
(324, '0935905088257614', 'New Doc 8.pdf', 4),
(325, '0965626059813137', 'PC.pdf', 1),
(326, 'MT21811825734906', 'RajaThotaTranscripts.pdf', 3),
(327, 'MT21815460187932', 'RajaThotaTranscripts.pdf', 1),
(328, 'MT21818547963210', 'RajaThotaTranscripts.pdf', 1),
(329, '0801261642073985', 'raghu prov.jpg', 3),
(330, '2224431256826498', 'NITW_Degree_Certificate.pdf', 3),
(331, '0831172550481616', 'AMIT_nitw.pdf', 1),
(332, '1232475491063872', 'engg-provisional.jpg', 1),
(333, 'UG10713043291087', 'provisional_certificate.pdf', 1),
(334, '8700169124302378', 'certificate.pdf', 3),
(335, '8700191562748800', 'certificate.pdf', 3),
(336, '8652964722375358', 'btech degree.pdf', 1),
(337, 'UG10611420359167', 'Provisional Certificate.pdf', 1),
(338, 'UG10611424063897', 'Provisional Certificate.pdf', 1),
(339, 'CS97757051834629', 'Provisional.pdf', 1),
(340, 'UG10323923479015', 'degree&consolidated.rar', 3);

-- --------------------------------------------------------

--
-- Table structure for table `users`
--

CREATE TABLE IF NOT EXISTS `users` (
  `id` int(11) unsigned NOT NULL AUTO_INCREMENT,
  `ip_address` varchar(15) NOT NULL,
  `username` varchar(100) DEFAULT NULL,
  `password` varchar(255) NOT NULL,
  `salt` varchar(255) DEFAULT NULL,
  `email` varchar(100) NOT NULL,
  `activation_code` varchar(40) DEFAULT NULL,
  `forgotten_password_code` varchar(40) DEFAULT NULL,
  `forgotten_password_time` int(11) unsigned DEFAULT NULL,
  `remember_code` varchar(40) DEFAULT NULL,
  `created_on` int(11) unsigned NOT NULL,
  `last_login` int(11) unsigned DEFAULT NULL,
  `active` tinyint(1) unsigned DEFAULT NULL,
  `first_name` varchar(50) DEFAULT NULL,
  `last_name` varchar(50) DEFAULT NULL,
  `company` varchar(100) DEFAULT NULL,
  `phone` varchar(20) DEFAULT NULL,
  PRIMARY KEY (`id`),
  KEY `id` (`id`)
) ENGINE=InnoDB  DEFAULT CHARSET=utf8 AUTO_INCREMENT=2 ;

--
-- Dumping data for table `users`
--

INSERT INTO `users` (`id`, `ip_address`, `username`, `password`, `salt`, `email`, `activation_code`, `forgotten_password_code`, `forgotten_password_time`, `remember_code`, `created_on`, `last_login`, `active`, `first_name`, `last_name`, `company`, `phone`) VALUES
(1, '127.0.0.1', 'administrator', '$2y$08$PhQeysRTEwCmPkV6iBWOee1/ZV1MvH6yObsPg4N6y0JsVl/fW0OHO', '', 'admin@admin.com', '', NULL, NULL, 'noIWGJ6BEDGwgi0Oe6noee', 1268889823, 1461819090, 1, 'Admin', 'istrator', 'ADMIN', '0');

-- --------------------------------------------------------

--
-- Table structure for table `users_groups`
--

CREATE TABLE IF NOT EXISTS `users_groups` (
  `id` int(11) unsigned NOT NULL AUTO_INCREMENT,
  `user_id` int(11) unsigned NOT NULL,
  `group_id` mediumint(8) unsigned NOT NULL,
  PRIMARY KEY (`id`),
  UNIQUE KEY `uc_users_groups` (`user_id`,`group_id`),
  KEY `fk_users_groups_users1_idx` (`user_id`),
  KEY `fk_users_groups_groups1_idx` (`group_id`)
) ENGINE=InnoDB  DEFAULT CHARSET=utf8 AUTO_INCREMENT=3 ;

--
-- Dumping data for table `users_groups`
--

INSERT INTO `users_groups` (`id`, `user_id`, `group_id`) VALUES
(1, 1, 1),
(2, 1, 2);

-- --------------------------------------------------------

--
-- Table structure for table `user_info`
--

CREATE TABLE IF NOT EXISTS `user_info` (
  `id` int(11) NOT NULL AUTO_INCREMENT,
  `name` varchar(32) NOT NULL,
  `rollno` int(11) NOT NULL,
  `course_type` varchar(32) NOT NULL,
  `batch` int(11) NOT NULL,
  `course_id` int(11) NOT NULL,
  `contact` varchar(16) NOT NULL,
  `address` longtext NOT NULL,
  `country` varchar(128) NOT NULL,
  `email` varchar(32) NOT NULL,
  `ipaddress` varchar(16) NOT NULL,
  `useragent` varchar(256) NOT NULL,
  PRIMARY KEY (`id`),
  KEY `id` (`id`)
) ENGINE=InnoDB  DEFAULT CHARSET=latin1 AUTO_INCREMENT=207 ;

--
-- Dumping data for table `user_info`
--

INSERT INTO `user_info` (`id`, `name`, `rollno`, `course_type`, `batch`, `course_id`, `contact`, `address`, `country`, `email`, `ipaddress`, `useragent`) VALUES
(6, 'SUSHEEL KUMAR', 116138, 'B. Tech.', 2015, 6, '9758726939', 'Room no 668B ipcl township sector 1 ,gorwa \r\nGujrat India pin 391345', 'India', 'sksusheelkumar001@gmail.com', '64.233.173.92', 'Mozilla/5.0 (Linux; Android 5.0.1; LG-H442 Build/LRX21Y) AppleWebKit/537.36 (KHTML, like Gecko) Chrome/48.0.2564.95 Mobile Safari/537.36'),
(10, 'Rashid Khan', 117249, 'B. Tech.', 2015, 7, '9160929965', 'a', 'India', 'rashood.khan@gmail.com', '125.23.194.54', 'Mozilla/5.0 (Macintosh; Intel Mac OS X 10_11) AppleWebKit/601.1.56 (KHTML, like Gecko) Version/9.0 Safari/601.1.56'),
(11, 'Suresh Karuturi', 600216, 'MCA', 2005, 7, '9029782308', 'C-408, Essbel Society, Near Anita Vihar,\r\nLokhandwala Township, Kandivali (E),\r\nMumbai - 400101', 'India', 'pleiadessoft@gmail.com', '103.226.147.242', 'Mozilla/5.0 (Windows NT 6.2; WOW64) AppleWebKit/537.36 (KHTML, like Gecko) Chrome/48.0.2564.116 Safari/537.36'),
(12, 'BALASUBRAHMANYAM  MADDALA', 97908, 'MCA', 2012, 7, '7406928830', 'BALASUBRAHMANYAM  MADDALA,\r\nPEYYERU,\r\nNEAR POORNIMA THEATRE,\r\nMUDINEPALLI,\r\nKRISHNA DISTRICT,\r\nANDHRA PRADESH - 521325.', 'India', 'balu0605@outlook.com', '14.141.106.36', 'Mozilla/5.0 (Windows NT 6.1; WOW64) AppleWebKit/537.36 (KHTML, like Gecko) Chrome/48.0.2564.116 Safari/537.36'),
(15, 'Anas md', 0, 'B. Tech.', 2014, 7, '7845281982', 'plot 4, lari compound , gajju purwa\r\njajmau\r\nkanpur-208010', 'India', 'anas.ansal10@gmail.com', '150.242.86.4', 'Mozilla/5.0 (Macintosh; Intel Mac OS X 10_10_2) AppleWebKit/537.36 (KHTML, like Gecko) Chrome/48.0.2564.116 Safari/537.36'),
(21, 'RAJESH BAITHA', 103015, 'M.Tech', 2012, 3, '8979133839', '', 'India', 'baitharajesh@gmail.com', '', ''),
(22, 'Aditya Jain', 9303, 'B. Tech.', 2013, 3, '8517953414', '', 'India', 'adityajain.nitw@gmail.com', '', ''),
(25, 'Avinash Pratap Singh', 103203, 'M.Tech', 2012, 3, '7535884888', '', 'India', 'avinahsp@bhelhwr.co.in', '', ''),
(26, 'Srikanth Grandhe', 0, 'B. Tech.', 2014, 7, '7842848410', '', 'India', 'srikanthg0509@gmail.com', '', ''),
(28, 'Ashutosh Rathore', 9383, 'B. Tech.', 2009, 3, '9752590485', '', 'India', 'ashunitw232@gmail.com', '', ''),
(29, 'Abhishek Bhatia', 9634, 'B. Tech.', 2013, 6, '9871008787', '', 'India', 'bhatiaabhishek91@gmail.com', '', ''),
(30, 'Avinash Pratap Singh', 103203, 'M.Tech', 2010, 3, '75358884888', '', 'India', 'avinashp@bhelhwr.co.in', '', ''),
(32, 'Hanamant Bhagwant Kulkarni', 0, 'M.Tech', 2004, 3, '09822284941', '', 'India', 'hbkulkarni@gmail.com', '', ''),
(33, 'Shaik Saifuddin', 0, 'B. Tech.', 2014, 2, '9582681874', '', 'India', 'saifuddin180493@gmail.com', '', ''),
(34, 'MAHENDRA BABU BEERA', 0, 'B. Tech.', 2014, 3, '9818668618', '', 'India', 'beera.mahendra@gmail.com', '', ''),
(35, 'BODDEPALLI AVINASH            ', 9280, 'B. Tech.', 2013, 2, '9502212228', '', 'India', 'bavinashbabu@gmail.com', '', ''),
(36, 'Rohit Ranjan', 117251, 'B. Tech.', 2015, 7, '9723611775', '', 'India', 'rohitranjan1994@gmail.com', '', ''),
(37, 'ANUBHAV', 88502, 'MSc. Tech', 2008, 9, '8004857682', '', 'India', 'anubhav.jackie@gmail.com', '', ''),
(39, 'Ravikishore Pochiraju', 94106, 'B. Tech.', 1994, 1, '9963551459', '', 'India', 'pochiraju77@gmail.com', '', ''),
(40, 'Ashwini Gollagadda', 30027, 'B. Tech.', 2004, 3, '0117862809546', '', 'United States of America', 'ashrecmech@gmail.com', '', ''),
(41, 'Anup Ranjan Mohanta', 7110, 'B. Tech.', 2011, 1, '9658482117', '', 'India', 'mohanta.anup@gmail.com', '', ''),
(42, 'krishna mohan tanguturi', 91308, 'B. Tech.', 1995, 3, '0061414436609', '', 'Australia', 'kmohan_99@yahoo.com', '', ''),
(43, 'Vineeth Karanam', 5725, 'B. Tech.', 2009, 7, '7799232881', '', 'India', 'vineeth.nitw@gmail.com', '', ''),
(44, 'SANDEEP KUMAR', 113147, 'B. Tech.', 2015, 3, '7060209834', '', 'India', 'sandeepsingh0230@gmail.com', '', ''),
(48, 'premnath guguloth', 8338, 'B. Tech.', 2008, 3, '9008966462', '', 'India', 'prem.cbr@gmail.com', '', ''),
(49, 'guguloth premnath', 8338, 'B. Tech.', 2008, 3, '9008966462', '', 'India', 'prem.cbr@gmail.com', '', ''),
(50, 'Pavani Addanki', 600321, 'MCA', 2006, 7, '9676447921', '', 'India', 'pavani.addanki@gmail.com', '', ''),
(51, 'K Shiva Kumar', 8356, 'B. Tech.', 2012, 3, '9480821945', '', 'India', 'shivakumar3237@gmail.com', '', ''),
(53, 'Muralidharan Balakrishnan', 97409, 'B. Tech.', 2001, 4, '3036682368', '', 'United States of America', 'bmuralidharan@gmail.com', '', ''),
(54, 'Mohammad Masoom Abbas', 113131, 'B. Tech.', 2015, 3, '8500264565', '', 'India', 'abbasnitw@gmail.com', '', ''),
(55, 'Muralidharan Balakrishnan', 97409, 'B. Tech.', 1997, 4, '3036682368', '', 'United States of America', 'bmuralidharan@gmail.com', '', ''),
(56, 'V.Murali Krushna Malla', 20229, 'B. Tech.', 2006, 2, '919008783389', '', 'India', 'mvk.murali@gmail.com', '', ''),
(57, 'Sujatha Medara', 600226, 'MCA', 2005, 7, '7731011797', '', 'India', 'sujatha.nitw@gmail.com', '', ''),
(58, 'tyuio', 4657890, 'B. Tech.', 2011, 1, '69780', '', 'India', 'dd@jj.com', '', ''),
(59, 'Raja Kiran Kumar Reddy Sandiredd', 98448, 'B. Tech.', 2002, 4, '9440834033', '', 'India', 'srkkreddy@gmail.com', '', ''),
(60, 'Yamini Prathyusha Gullipalli', 8628, 'B. Tech.', 2012, 6, '7730992222', '', 'India', 'gmini30@gmail.com', '', ''),
(61, 'GUMMIDI JAYA SATYA RAM HARIN', 9854, 'B. Tech.', 2013, 8, '9966244433', '', 'India', 'harin.gummidi@gmail.com', '', ''),
(62, 'Annadasu Raja Prasanth Naidu', 104105, 'B. Tech.', 2010, 4, '7718851635', '', 'India', 'rajanaidu.anna@gmail.com', '', ''),
(63, 'Anilkumar', 6424, 'B. Tech.', 2010, 4, '8179699072', '', 'India', 'anilkumar.iiml@gmaill.com', '', ''),
(64, 'Shubhi Saxena', 137154, 'B. Tech.', 2015, 7, '9030126441', '', 'India', 'shubhi3296@gmail.com', '', ''),
(65, 'bfjjsidv', 678, 'B. Tech.', 2014, 7, '90000', '', 'India', 'dd@ll.com', '', ''),
(66, 'M PAVANI', 107223, 'B. Tech.', 2010, 7, '9535809988', '', 'India', 'pavani.m.17@gmail.com', '', ''),
(67, 'Sunanda', 127223, 'B. Tech.', 2015, 4, '890765234', '', 'India', 'sunandarathia3668@gmail.com', '', ''),
(68, 'Priyanka Agrawal', 137145, 'B. Tech.', 2013, 7, '812348790', '', 'India', 'priyanka23@gmail.com', '', ''),
(69, 'Priyanka Agrawal', 861315, 'B. Tech.', 2013, 6, '7207274690', '', 'India', 'sunandarathia3668@gmail.com', '', ''),
(70, 'Priyanka Agrawal', 123456, 'B. Tech.', 2013, 7, '897623456', '', 'India', 'priyanka23@gmail.com', '', ''),
(71, 'Putha Kishore', 70976, 'PhD', 2015, 9, '9985228216', '', 'India', 'kishorephd.nitw@gmail.com', '', ''),
(72, 'Battula Swathi', 0, 'B. Tech.', 2007, 2, '+6581173163', '', 'India', 'battulaswathi@gmail.com', '', ''),
(73, 'Kalidindi v s vivekananda varma', 102224, 'B. Tech.', 2010, 2, '9963812722', '', 'India', 'vivekananda.kvs@gmail.com', '', ''),
(74, 'Aasrith Kandula', 113201, 'B. Tech.', 2015, 3, '9704673188', '', 'India', 'aasrith1296@yahoo.com', '', ''),
(75, 'D Suryachand Gopavajhula', 114609, 'M.Tech', 2011, 4, '9493480176', '', 'India', 'suryachand.gd@gmail.com', '', ''),
(76, 'PULI MOUNIKA', 136911, 'MSc.', 2015, 10, '9573278345', '', 'India', 'mounika.puli4@gmail.com', '', ''),
(77, 'Nissy Elsa John', 0, 'B. Tech.', 2012, 4, '0096566181990', '', 'Canada', 'nissy.john15@gmail.com', '', ''),
(78, 'BALASUBRAHMANYAM MADDALA', 97908, 'MCA', 2010, 7, '7406928830', '', 'India', 'balu0605@outlook.com', '', ''),
(79, 'Aditya Jain', 9303, 'B. Tech.', 2015, 3, '8517953414', '', 'India', 'adityajain.nitw@gmail.com', '', ''),
(80, 'Anuj Parihar', 3406, 'B. Tech.', 2007, 4, '8007362952', '', 'India', 'anuj_parihar@yahoo.com', '', ''),
(81, 'Chirag Saraf', 103114, 'B. Tech.', 2010, 3, '9779851024844', '', 'India', 'ruffchirag@gmail.com', '', ''),
(82, 'sssaf', 122345, 'M.Tech', 2015, 2, '9494788270', '', 'India', 'praveenacademics@gmail.com', '', ''),
(83, 'B .PRAVEEN SAI', 134603, 'M.Tech', 2015, 4, '9494788270', '', 'India', 'praveenacademics@gmail.com', '', ''),
(84, 'NANDAM PRADEEP', 94102, 'B. Tech.', 2013, 4, '9704543662', '', 'India', 'pradeepnandam0037@gmail.com', '', ''),
(85, 'KRUSHNA NANDA KHADANGA', 600207, 'MCA', 2006, 7, '9437565144', '', 'India', 'knkhadanga@gmail.com', '', ''),
(86, 'Rohit Pochampalli', 6238, 'B. Tech.', 2010, 2, '9632450823', '', 'India', 'rohit2424@gmail.com', '', ''),
(87, 'Hghg', 123456, 'B. Tech.', 1968, 4, '37637539533', '', 'India', 'sachin@g.come', '', ''),
(88, 'RENATI HANUMANTHA REDDY', 100204, 'M.Tech', 2002, 1, '9441190244', '', 'India', 'hanumanth.rddy@gmail.com', '', ''),
(89, 'RENATI HANUMANTHA REDDY', 100204, 'M.Tech', 2005, 1, '9441190244', '', 'India', 'hanumanth.rddy@gmail.com', '', ''),
(90, 'Ajit Kumar Singh', 600212, 'MCA', 2005, 7, '2107764573', '', 'India', 'ajit.ksh@gmail.com', '', ''),
(91, 'Reddy Shivaprasad', 85427, 'B. Tech.', 1985, 4, '+971566499568', '', 'United Arab Emirates (UAE)', 'shivu100@gmail.com', '', ''),
(92, 'SMRUTI RANJAN PRADHAN', 111603, 'M.Tech', 2011, 1, '9692563154', '', 'India', 'smrutipradhan1@gmail.com', '', ''),
(93, 'Jagadeeshwar Reddy', 4422, 'B. Tech.', 2008, 4, '9008001089', '', 'India', 'jagadeesh.nitw@gmail.com', '', ''),
(94, 'Chitiz Mathema', 97416, 'B. Tech.', 2001, 4, '1-662-648-9142', '', 'United States of America', 'chitiz.mathema@gmail.com', '', ''),
(95, 'GAIKWAD PRASHANT BALASAHEB', 112608, 'M.Tech', 2013, 2, '7385085004', '', 'India', 'gprashant37@gmail.com', '', ''),
(96, 'Sergey Brin', 187878, 'B. Tech.', 1971, 1, '8999999999', '', 'India', 'sergey@google.com', '', ''),
(97, 'Sudhakr kadimetal', 127223, 'B. Tech.', 2007, 2, '673234543', '', 'United States of America', 'abcd@hotmail.com', '', ''),
(98, 'Bavya Mukundan', 112210, 'B. Tech.', 2015, 2, '7358261332', '', 'India', 'bavya.mukund@gmail.com', '', ''),
(99, 'V Satish', 4140, 'B. Tech.', 2008, 1, '8800612406', '', 'India', 'satish.v.nitw@gmail.com', '', ''),
(100, 'Nukala ', 136222, 'B. Tech.', 2012, 6, '91.20.6793.4056', '', 'India', 'verifier.connect@neeyamo.in', '', ''),
(101, 'Bommaraju Aravind', 30206, 'B. Tech.', 2006, 3, '9425293513', '', 'India', 'aravind4u06@gmail.com', '', ''),
(102, 'vasudev', 9359, 'B. Tech.', 2013, 3, '7382341601', '', 'India', 'vasumadasu1@gmail.com', '', ''),
(103, 'test', 144477, 'B. Tech.', 2005, 4, '1264651321', '', 'India', 'abs@gma.com', '', ''),
(104, 'Kislay Kishore', 8728, 'B. Tech.', 2012, 7, '9000416896', '', 'India', 'kislay.kishore2003@gmail.com', '', ''),
(105, 'rahul', 127223, 'B. Tech.', 2014, 1, '', '', 'India', '', '', ''),
(106, 'Anil Kumar Adepu', 6107, 'B. Tech.', 2010, 1, '8550903424', '', 'India', 'anisocrazy75@gmail.com', '', ''),
(107, 'Amit Chandran', 5209, 'B. Tech.', 2010, 2, '085715652111', '', 'Indonesia', 'av3ng3r2009@gmail.com', '', ''),
(108, 'Arjun Prasad Kottana', 4407, 'B. Tech.', 2008, 4, '7406662666', '', 'India', 'arjunnitw@gmail.com', '', ''),
(109, 'rajasekhar.jasti', 94009, 'M.Tech', 2011, 4, '9989394064', '', 'India', 'rajasekhar.jasti@gmail.com', '', ''),
(110, 'JALE RAGHUVEER REDDY', 136960, 'MSc.', 2015, 10, '9494602327', '', 'India', 'raghuveer.jale@gmail.com', '', ''),
(111, 'Somabathula Joydeep', 5351, 'B. Tech.', 2009, 3, '9908599658', '', 'India', 'joy.nitw@gmail.com', '', ''),
(112, 'KANTHALA NAGALAXMI', 114959, 'MSc.', 2011, 11, '7794885532', '', 'India', 'KNAGALAXMI15@GMAIL.COM', '', ''),
(113, 'Sharath Kumar', 8806, 'B. Tech.', 2012, 8, '8121789650', '', 'India', 'Sharath.ankathi@gmail.com', '', ''),
(114, 'Ghisiawan Prasad Jaiswal', 87007, 'M.Tech', 2008, 7, '9731351282', '', 'United States of America', 'akashjaiswal.513@gmail.com', '', ''),
(115, 'SYED SAMEER', 0, 'B. Tech.', 2014, 6, '9550878333', '', 'India', 'Sameer4u2011@gmail.com', '', ''),
(116, 'fgf', 445644, 'B. Tech.', 1998, 7, '77777777766', '', 'India', 'dfs@f.com', '', ''),
(117, 'peeyush kumar', 117925, 'MCA', 2011, 7, '7799618878', '', 'India', 'peeyushkumar11@gmail.com', '', ''),
(118, 'Niraj Acharya', 0, 'B. Tech.', 2014, 4, '9966423081', '', 'India', 'menirajscorpion@gmail.com', '', ''),
(119, 'K KALYAN SRINIVAS ', 0, 'B. Tech.', 2012, 2, '9840038269', '', 'India', 'kalyankarra90@gmail.com', '', ''),
(120, 'VINJARAPU SAI TEJASWI', 104152, 'B. Tech.', 2014, 4, '9676356908', '', 'India', 'vstejaswi5@gmail.com', '', ''),
(121, 'SUNIL KUMAR POONIA', 8553, 'B. Tech.', 2012, 5, '9462136597', '', 'India', 'poonia.sunil721@gmail.com', '', ''),
(122, 'Sunil Kumar Poonia', 88553, 'B. Tech.', 2012, 5, '9462136597', '', 'India', 'poonia.sunil721@gmail.com', '', ''),
(123, 'vigneash rajagopal muthukrishnan', 132262, 'B. Tech.', 2013, 2, '9618240127', '', 'India', 'vigneash95@gmail.com', '', ''),
(124, 'DWARAPUDI LALITHA', 114213, 'B. Tech.', 2011, 4, '8550878406', '', 'United States of America', 'lalitha1330@gmail.com', '', ''),
(125, 'GIRABOINA KRANTHI KUMAR', 7810, 'B. Tech.', 2011, 8, '8884811423', '', 'India', 'kkg.kranthi@gmail.com', '', ''),
(126, 'K VIDYA SAGAR REDDY', 9859, 'B. Tech.', 2013, 8, '9640881718', '', 'India', 'vidyasagar.910@gmail.com', '', ''),
(127, 'VAMSEE TALAPALA', 8297, 'B. Tech.', 2008, 2, '9437573910', '', 'India', 'vmsy51@gmail.com', '', ''),
(128, 'SADANAN BHOI', 125910, 'MSc. Tech', 2015, 9, '7809175551', '', 'India', 'bickybhoi6@gmail.com', '', ''),
(129, 'Suman Kumar Bhagavathula', 500201, 'MSc. Tech', 2005, 9, '+14259996530', '', 'United States of America', 'suryabsk@gmail.com', '', ''),
(130, 'Suman Kumar Bhagavathula', 500215, 'MSc. Tech', 2005, 9, '+14259996530', '', 'United States of America', 'suryabsk@gmail.com', '', ''),
(131, 'Suman', 0, 'MSc. Tech', 2005, 9, '+14259996530', '', 'United States of America', 'suryabsk@gmail.com', '', ''),
(132, 'mahenderb', 126963, 'MSc.', 2014, 10, '8686653540', '', 'India', 'bmahender.nitw@gmail.com', '', ''),
(133, 'Sri Teja Kolluri', 103224, 'B. Tech.', 2010, 3, '7755992457', '', 'India', 'sritejakolluri54@gmail.com', '', ''),
(134, 'MALAVATHU SRAVAN PAMAR', 6425, 'B. Tech.', 2010, 4, '9912178719', '', 'India', 'sravanpamar@gmail.com', '', ''),
(135, 'Yarabolu Phaniraj Reddy', 78601, 'B. Tech.', 1983, 6, '001-9782660451', '', 'United States of America', 'pyarabolu@yahoo.com', '', ''),
(136, 'kmi', 14103021, 'B. Tech.', 1971, 7, '9858781772', '', 'India', ']94@giilok.com', '', ''),
(137, 'jbjbkk', 0, 'M.Tech', 1966, 11, '9898968572', '', 'India', 'saiganesh6997@gmail.com', '', ''),
(138, 'sandeep patel', 0, 'M.Tech', 2011, 3, '9830179470', '', 'India', 'sandeep15261@hotmail.com', '', ''),
(139, 'prashant kumar singh', 99123, 'B. Tech.', 2003, 1, '8980044759', '', 'India', 'pranshu.civil@gmail.com', '', ''),
(140, 'Battula Swathi', 7210, 'B. Tech.', 2007, 2, '+6581173163', '', 'Singapore', 'battulaswathi@gmail.com', '', ''),
(141, 'Chandrasekhar Ambula', 8406, 'B. Tech.', 2012, 4, '8608741232', '', 'India', 'avcs06@gmail.com', '', ''),
(142, 'T DINESH VARMA', 122638, 'M.Tech', 2012, 2, '9556297918', '', 'India', 'tdineshvarma@gmail.com', '', ''),
(143, 'Sabbithi Coleman Charles', 9387, 'B. Tech.', 2013, 3, '9618641415', '', 'India', 'charliesabbithi@live.com', '', ''),
(144, 'Francis Rachel Lydia', 137557, 'M.Tech', 2013, 7, '8790626330', '', 'India', 'rachel.lydia.francis@gmail.com', '', ''),
(145, 'Francis Rachel Lydia', 137557, 'M.Tech', 2015, 7, '8790626330', '', 'India', 'rachel.lydia.francis@gmail.com', '', ''),
(146, 'Hanvitha Gavini', 9725, 'B. Tech.', 2013, 7, '8790760547', '', 'India', 'gavini.honey@gmail.com', '', ''),
(147, 'NARASIMHA SURI TINNALURI', 83011, 'M.Tech', 2010, 3, '9704838763', '', 'India', 'tnsuri.suri@gmail.com', '', ''),
(148, 'NARASIMHA SURI TINNALURI', 83011, 'M.Tech', 2008, 3, '9704838763', '', 'India', 'tnsuri.suri@gmail.com', '', ''),
(149, 'K KISHORE', 103218, 'B. Tech.', 2014, 3, '8801102963', '', 'India', 'kishorekampally@gmail.com', '', ''),
(150, 'Sriram', 5428, 'B. Tech.', 2009, 4, '0013528707443', '', 'United States of America', 'sriramkakara@gmail.com', '', ''),
(151, 'KIRAN KUMAR REDDY DHANDA', 30138, 'B. Tech.', 2005, 3, '18135083638', '', 'United States of America', 'kirankumard14@gmail.com', '', ''),
(152, 'NIKITA BHOI', 134912, 'MSc.', 2015, 11, '7809225147', '', 'India', 'nikitabhoi111@gmail.com', '', ''),
(153, 'RAJA SANDEEP KUKKALA', 4338, 'B. Tech.', 2008, 3, '9866671988', '', 'India', 'raja.nitw04@gmail.com', '', ''),
(154, 'Gayathri Niveditha Kopanati', 8627, 'B. Tech.', 2008, 6, '8978748787', '', 'India', 'kgayathri.niveditha@gmail.com', '', ''),
(155, 'K KALYAN SRINIVAS ', 8239, 'B. Tech.', 2008, 2, '9840038269', '', 'India', 'kalyan9002@gmail.com', '', ''),
(156, 'Naresh Arasada', 1337, 'B. Tech.', 2005, 3, '8867739311', '', 'India', 'naresh.arasada@gmail.com', '', ''),
(157, 'Sravana Kumar Elpula', 5719, 'B. Tech.', 2009, 7, '4084316582', '', 'United States of America', 'sraone.nitw@gmail.com', '', ''),
(158, 'sneha kaira', 131564, 'M.Tech', 1992, 1, '8341515544', '', 'India', 'sirigoudkaira@gmail.com', '', ''),
(159, 'Sneha kaira', 131564, 'M.Tech', 2013, 1, '8341515544', '', 'India', 'sirigoudkaira@gmail.com', '', ''),
(160, 'VIJAY CHEKRAVARTHY DHARMAVARAPU', 871263, 'B. Tech.', 2012, 7, '9553708837', '', 'India', 'vijaychakravarthy.d@gmail.com', '', ''),
(161, 'anoop jawahar', 0, 'B. Tech.', 2009, 2, '9742600222', '', 'India', 'anoopjawahar@gmail.com', '', ''),
(162, 'ANOOP J', 5210, 'B. Tech.', 2009, 2, '9742600222', '', 'India', 'anoopjawahar@gmail.com', '', ''),
(163, 'K Sri Raghuram', 0, 'B. Tech.', 2013, 3, '9652441657', '', 'India', 'raghu_kalluri@yahoo.com', '', ''),
(164, 'udaya bhaskar allu', 0, 'M.Tech', 1994, 1, '001-7032269864', '', 'United States of America', 'udayab1@yahoo.com', '', ''),
(165, 'SOMIREDDY NAVEEN KUMAR REDDY', 9452, 'B. Tech.', 2013, 4, '9591060601', '', 'India', 'naveensomireddy@gmail.com', '', ''),
(166, 'ALOK YADAV', 8467, 'B. Tech.', 2012, 4, '9871697153', '', 'India', 'alok.y.nitw@gmail.com', '', ''),
(167, 'Prashant Mishra', 9765, 'B. Tech.', 2013, 7, '+9779806624850', '', 'Nepal', 'prashant.nitw2009@gmail.com', '', ''),
(168, 'SURESH VD VINNAKOTA', 76133, 'B. Tech.', 1981, 1, '0012144570406', '', 'United States of America', 'SURESHVVD@GMAIL.COM', '', ''),
(169, 'anand yadav', 14125006, 'B. Tech.', 2009, 3, '9464801497', '', 'India', 'yadav.anand@nitw.ac.in', '', ''),
(170, 'V SATYANARAYANA K', 6472, 'B. Tech.', 2010, 4, '8892236736', '', 'India', 'satyanarayana6472@gmail.com', '', ''),
(171, 'BHAVANA CHIDITHOTI', 9820, 'B. Tech.', 2009, 8, '9989506414', '', 'India', 'bhavna.chidithoti@gmail.com', '', ''),
(172, 'MLLEPUDI MADHU', 126964, 'MSc.', 2014, 10, '8297924010', '', 'India', 'mallepudimadhu@gmail.com', '', ''),
(173, 'MOHAN MEKALA', 9434, 'B. Tech.', 2013, 4, '9133756149', '', 'India', 'mohanece66@gmail.com', '', ''),
(174, 'KASIREDDY V SASIDHAR REDDY', 0, 'B. Tech.', 2008, 2, '9491617225', '', 'India', 'sasidhar2564@gmail.com', '', ''),
(175, 'AVINASH OJHA', 102345, 'M.Tech', 2013, 1, '8349819262', '', 'India', 'ojhaavinash87@gmail.com', '', ''),
(176, 'KRISHNA HARSHA PUPPALA', 0, 'B. Tech.', 2012, 5, '+1-2815462191', '', 'United States of America', 'krishnaharsh123@gmail.com', '', ''),
(177, 'Srinivas Karra ', 69909, 'B. Tech.', 2003, 6, '+1-8062827626', '', 'United States of America', 'srinivas.karra@yahoo.co.uk', '', ''),
(178, 'Pithani Srinivas', 9254, 'B. Tech.', 2013, 2, '9492949791', '', 'India', 'srinupithani963@gmail.com', '', ''),
(179, 'Mohammad Maaz', 115132, 'B. Tech.', 2015, 5, '8686533740', '', 'India', 'maaz.md@gmail.com', '', ''),
(180, 'B Rajaskhar', 87904, 'MCA', 2011, 7, '8121026867', '', 'India', 'nit.rajasekhar@gmail.com', '', ''),
(181, 'S Kalyani', 509801, 'MSc.', 1998, 9, '9840278439', '', 'India', 'skalyanee@gmail.com', '', ''),
(182, 'MPV SRIKANTH', 509811, 'MSc.', 1998, 9, '9840435958', '', 'India', 'srikanthmpv@gmail.com', '', ''),
(183, 'Jintu Kr. Dhar', 6121, 'B. Tech.', 2010, 1, '8876071200', '', 'India', 'jintudhar@gmail.com', '', ''),
(184, 'Jaston Rodrigues', 9255, 'B. Tech.', 2013, 2, '9545316565', '', 'India', 'jastonrodrigues@gmail.com', '', ''),
(185, 'KRISHNA KANTH VARDHINEEDI', 0, 'M.Tech', 2008, 4, '8019444177', '', 'India', 'kkanth.v@gmail.com', '', ''),
(186, 'JAGTAP KARTIKI RAVINDRA', 103206, 'M.Tech', 2012, 3, '7588378055', '', 'India', 'kartikijagtap@yahoo.co.in', '', ''),
(187, 'NINGIREDDY NIHARIKA', 131615, 'M.Tech', 2013, 1, '8977559305', '', 'India', 'ninginiharika@gmail.com', '', ''),
(188, 'Bhalodi Dhruv Kumar', 9237, 'B. Tech.', 2013, 2, '7702999226', '', 'India', 'bhalodi.dhruv@gmail.com', '', ''),
(189, 'M Lakshmi Narayana', 88117, 'B. Tech.', 1988, 1, '9160085915', '', 'India', 'laxmi_ict@yahoo.com', '', ''),
(190, 'Prasanna Illa', 98445, 'B. Tech.', 2002, 4, '5127200255', '', 'United States of America', 'prasanna.illa@gmail.com', '', ''),
(191, 'NANDA KISHORE KRISHNA P', 116965, 'MSc.', 2011, 10, '9014363632', '', 'India', 'nandakishore179@gmail.com', '', ''),
(192, 'Bhaskar Jyoti Deka', 3307, 'B. Tech.', 2007, 3, '7044098390', '', 'India', 'bhasnitw@gmail.com', '', ''),
(193, 'Kalepu Veera Durga Prasen', 9341, 'B. Tech.', 2013, 3, '7093044625', '', 'India', 'prasen.nitw@gmail.com', '', ''),
(194, 'Podduturi Abhinav Reddy', 104148, 'B. Tech.', 2014, 4, '8897436696', '', 'India', 'abhinav.prodhuturi@gmail.com', '', ''),
(195, 'srikanteswaraRao talluri', 460, 'B. Tech.', 2004, 4, '7702979500', '', 'India', 'kanti.sri@gmail.com', '', ''),
(196, 'KAMARAJUGADDA SAI KOUSHIK', 9656, 'B. Tech.', 2009, 6, '9632656065', '', 'India', 'kskoushik28@gmail.com', '', ''),
(197, 'Thota Rajashekar Rao', 0, 'M.Tech', 1993, 4, '0017743697032', '', 'United States of America', 'tracy.greene@sunovion.com', '', ''),
(198, 'RAGHU RAMI REDDY C', 80126, 'M.Tech', 2008, 1, '9100820869', '', 'India', 'raghu332@gmail.com', '', ''),
(199, 'Pavitra Balasubramanian', 2224, 'B. Tech.', 2006, 2, '9820295255', '', 'India', 'pavitrabala@gmail.com', '', ''),
(200, 'AMIT KUMAR PRABHAKAR', 8311, 'B. Tech.', 2012, 3, '9523862262', '', 'India', 'mtkumar270@gmail.com', '', ''),
(201, 'Suman Shah', 123247, 'B. Tech.', 2012, 3, '9908317098', '', 'India', 'rshah915@gmail.com', '', ''),
(202, 'NIdhi Mundra', 0, 'B. Tech.', 2010, 7, '7738001928', '', 'India', 'nidhi.mundra05@gmail.com', '', ''),
(203, 'ABISH KURIAKOSE', 87001, 'M.Tech', 2010, 7, '9535204998', '', 'India', 'abishkm479@gmail.com', '', ''),
(204, 'Mrinal Deep', 8652, 'B. Tech.', 2012, 6, '9695862288', '', 'India', 'mrinal.nitw@gmail.com', '', ''),
(205, 'Ramesh Bugatha', 0, 'B. Tech.', 2013, 7, '+1-4808593663', '', 'India', 'rbugatha@asu.edu', '', ''),
(206, 'PRASHANT SRIRAM', 0, 'B. Tech.', 2010, 3, '8897171267', '', 'India', 'prashant1992@gmail.com', '', '');

-- --------------------------------------------------------

--
-- Table structure for table `user_requests`
--

CREATE TABLE IF NOT EXISTS `user_requests` (
  `id` int(11) NOT NULL AUTO_INCREMENT,
  `date` timestamp NOT NULL DEFAULT CURRENT_TIMESTAMP,
  `request_id` varchar(256) NOT NULL COMMENT 'Unique',
  `user_id` int(11) NOT NULL,
  `status` int(2) DEFAULT NULL COMMENT '0=registered 1=payment made 2=payment succesful 3=request assigned 4=request succesful',
  `sem_list` varchar(10) DEFAULT NULL,
  `assigned` varchar(128) DEFAULT 'None',
  `completion_date` date DEFAULT NULL,
  PRIMARY KEY (`id`),
  UNIQUE KEY `request_id` (`request_id`),
  KEY `id` (`id`),
  KEY `request_id_2` (`request_id`),
  KEY `request_id_3` (`request_id`),
  KEY `request_id_4` (`request_id`),
  KEY `user_id` (`user_id`),
  KEY `user_id_2` (`user_id`)
) ENGINE=InnoDB  DEFAULT CHARSET=latin1 AUTO_INCREMENT=383 ;

--
-- Dumping data for table `user_requests`
--

INSERT INTO `user_requests` (`id`, `date`, `request_id`, `user_id`, `status`, `sem_list`, `assigned`, `completion_date`) VALUES
(7, '2016-03-08 10:40:39', '1172499318624075', 10, 2, '', 'None', NULL),
(8, '2016-03-08 15:01:03', '6002168205643719', 11, 0, '', 'None', NULL),
(9, '2016-03-08 15:02:36', '6002161059248763', 11, 0, '', 'None', NULL),
(10, '2016-03-08 15:05:44', '6002165641092387', 11, 0, '', 'None', NULL),
(11, '2016-03-09 07:10:15', '9790885230244710', 12, 0, '', 'None', NULL),
(19, '2016-03-13 13:40:26', '9383730316124580', 28, 0, '', 'None', NULL),
(20, '2016-03-13 13:41:43', '9634724769031695', 29, 0, '', 'None', NULL),
(21, '2016-03-13 13:42:14', '9383192746205765', 28, 0, '', 'None', NULL),
(23, '2016-03-15 14:55:00', '-591785927041642', 32, 0, '', 'None', NULL),
(24, '2016-03-15 14:58:46', '-157792849240180', 32, 0, '', 'None', NULL),
(25, '2016-03-16 01:41:53', 'UG10214692153046', 33, 0, '', 'None', NULL),
(26, '2016-03-16 01:47:13', 'UG10214642786109', 33, 0, '', 'None', NULL),
(27, '2016-03-16 04:41:18', 'UG10311108639214', 34, 0, '', 'None', NULL),
(28, '2016-03-17 10:26:18', '0928017034642518', 35, 0, '', 'None', NULL),
(29, '2016-03-17 10:26:19', '0928067056148789', 35, 0, '', 'None', NULL),
(30, '2016-03-18 02:53:36', '1172519534762810', 36, 0, '', 'None', NULL),
(31, '2016-03-18 13:57:07', '0885027962834501', 37, 0, '', 'None', NULL),
(39, '2016-03-19 10:52:40', '9410653610252883', 39, 0, '', 'None', NULL),
(40, '2016-03-19 11:06:32', '9410606775481852', 39, 0, '', 'None', NULL),
(41, '2016-03-20 02:51:57', '3002728106345934', 40, 0, '', 'None', NULL),
(45, '2016-03-20 23:54:27', '9130865865904173', 42, 0, '', 'None', NULL),
(46, '2016-03-21 07:33:51', '9303912308764150', 22, 0, '', 'None', NULL),
(47, '2016-03-21 22:32:30', '5725217503942679', 43, 0, '', 'None', NULL),
(50, '2016-03-26 04:12:38', '0833856731846107', 48, 0, '', 'None', NULL),
(51, '2016-03-26 04:31:48', '0833849217703896', 49, 0, '', 'None', NULL),
(52, '2016-03-26 04:33:02', '6003218341509267', 50, 0, '', 'None', NULL),
(53, '2016-03-26 08:06:12', '1032032908137645', 30, 0, '', 'None', NULL),
(56, '2016-03-28 14:34:37', '9740989847465532', 53, 0, '', 'None', NULL),
(57, '2016-03-30 03:17:54', '0833872396101874', 48, 0, '', 'None', NULL),
(58, '2016-03-30 03:18:15', '0833856213187975', 48, 0, '', 'None', NULL),
(59, '2016-03-30 03:23:28', '0833808950393712', 48, 0, '', 'None', NULL),
(60, '2016-03-30 03:25:41', '0833822490614077', 48, 0, '', 'None', NULL),
(61, '2016-03-30 09:15:51', '1131310982413765', 54, 1, '', 'None', NULL),
(62, '2016-03-30 14:18:50', '9740904352859876', 53, 0, '', 'None', NULL),
(63, '2016-03-30 14:28:10', '9740932762700954', 53, 0, '', 'None', NULL),
(64, '2016-03-30 14:39:30', '9740905754401962', 55, 0, '', 'None', NULL),
(65, '2016-03-30 15:06:01', '9740983695809617', 55, 0, '', 'None', NULL),
(66, '2016-03-30 15:25:04', '9740918049272406', 53, 0, '', 'None', NULL),
(67, '2016-03-30 20:36:00', '3002747292851160', 40, 0, '', 'None', NULL),
(68, '2016-03-30 20:41:47', '3002759682273864', 40, 0, '', 'None', NULL),
(69, '2016-03-30 20:42:40', '3002741909316722', 40, 0, '', 'None', NULL),
(70, '2016-03-31 21:57:35', '3002798647542063', 40, 0, '', 'None', NULL),
(71, '2016-03-31 22:02:48', '3002717933495752', 40, 0, '', 'None', NULL),
(72, '2016-03-31 22:02:54', '3002709824870154', 40, 0, '', 'None', NULL),
(73, '2016-03-31 22:08:13', '3002789072268313', 40, 0, '', 'None', NULL),
(74, '2016-04-01 06:01:04', '2022983732459191', 56, 0, '', 'None', NULL),
(75, '2016-04-01 06:01:14', '2022907584316276', 56, 0, '', 'None', NULL),
(76, '2016-04-01 06:34:32', 'UG10322298367410', 34, 1, '', 'None', NULL),
(77, '2016-04-01 08:08:28', '6002260215684973', 57, 0, '', 'None', NULL),
(78, '2016-04-01 16:19:50', '3002766520181547', 40, 0, '', 'None', NULL),
(79, '2016-04-01 16:24:21', '3002710342903557', 40, 0, '', 'None', NULL),
(80, '2016-04-01 16:38:43', '4657890036549281', 58, 0, '', 'None', NULL),
(81, '2016-04-01 16:53:16', '6002164362071598', 11, 0, '', 'None', NULL),
(82, '2016-04-05 03:11:12', '0711051008624392', 41, 0, '', 'R. K Sir', NULL),
(83, '2016-04-05 05:10:16', '9844819047793438', 59, 0, '', 'None', NULL),
(84, '2016-04-05 05:53:57', '8628392476571618', 60, 0, '', 'None', NULL),
(85, '2016-04-05 09:24:51', '0985478432486956', 61, 0, '', 'None', NULL),
(86, '2016-04-05 11:30:55', '1041053287461509', 62, 0, '', 'None', NULL),
(87, '2016-04-05 22:34:58', '6424051695237049', 63, 0, '', 'None', NULL),
(88, '2016-04-09 19:09:33', '1371548601492573', 64, 0, '', 'None', NULL),
(89, '2016-04-09 19:16:28', '6788382945517436', 65, 0, '', 'None', NULL),
(90, '2016-04-09 19:33:00', '1371545076923418', 64, 0, '', 'None', NULL),
(91, '2016-04-10 10:19:53', '1072232417965083', 66, 1, '', 'None', NULL),
(92, '2016-04-10 13:13:05', '1272234306829715', 67, 0, '', 'R. K Sir', NULL),
(93, '2016-04-10 13:20:23', '1371456107394258', 68, 0, '', 'R. K Sir', NULL),
(94, '2016-04-10 13:22:26', '8613157016328495', 69, 0, '', 'None', NULL),
(95, '2016-04-10 13:28:49', '1234569358702641', 70, 0, '', 'R. K Sir', NULL),
(96, '2016-04-11 07:06:41', '7097650387292918', 71, 0, '', 'None', NULL),
(97, '2016-04-13 18:39:23', '1022240541837269', 73, 0, '', 'None', NULL),
(98, '2016-04-14 04:21:35', '1132018956104732', 74, 0, '', 'None', NULL),
(99, '2016-04-14 04:29:16', '1132015291687304', 74, 0, '', 'None', NULL),
(100, '2016-04-14 05:04:53', '1146097321084659', 75, 1, '', 'None', NULL),
(101, '2016-04-14 07:19:41', '1369110547321968', 76, 1, '', 'None', NULL),
(102, '2016-04-14 07:20:40', '1369111675890234', 76, 1, '', 'None', NULL),
(103, '2016-04-14 07:24:40', '1369115243801796', 76, 1, '', 'None', NULL),
(104, '2016-04-14 07:37:59', '1369119062718534', 76, 1, '', 'None', NULL),
(105, '2016-04-14 07:41:29', '1369119247360815', 76, 1, '', 'None', NULL),
(106, '2016-04-14 07:41:37', '1369119841302567', 76, 1, '', 'None', NULL),
(107, '2016-04-14 07:44:46', '1369112684970153', 76, 1, '', 'None', NULL),
(108, '2016-04-14 07:46:57', '1369119315480276', 76, 1, '', 'None', NULL),
(109, '2016-04-14 07:49:28', '1369116419382075', 76, 1, '', 'None', NULL),
(110, '2016-04-14 07:52:57', '1369112801976345', 76, 1, '', 'None', NULL),
(111, '2016-04-14 07:54:30', '1369110148735962', 76, 1, '', 'None', NULL),
(112, '2016-04-17 20:11:30', 'EC84466493275801', 77, 0, '', 'None', NULL),
(113, '2016-04-18 10:01:36', 'EC84460896235714', 77, 0, '', 'None', NULL),
(114, '2016-04-19 06:21:08', 'EC84469345817620', 77, 0, '', 'None', NULL),
(115, '2016-04-19 09:47:06', 'EC84466947508123', 77, 0, '', 'None', NULL),
(116, '2016-04-19 09:51:34', 'EC84463259671840', 77, 0, '', 'None', NULL),
(117, '2016-04-21 07:26:03', '9303280601195865', 79, 1, '', 'None', NULL),
(118, '2016-04-21 07:40:17', '3406155816964293', 80, 1, '', 'None', NULL),
(119, '2016-04-22 09:15:47', '1031141357294086', 81, 0, '', 'None', NULL),
(120, '2016-04-23 08:19:46', '1223459580762314', 82, 0, '', 'None', NULL),
(121, '2016-04-23 09:05:35', '1346033870261954', 83, 0, '', 'None', NULL),
(122, '2016-04-25 04:24:57', '0941028963742501', 84, 1, '', 'None', NULL),
(123, '2016-04-26 06:35:22', '6002070876134952', 85, 0, '', 'None', NULL),
(124, '2016-04-26 08:58:10', '0623898434716207', 86, 0, '', 'None', NULL),
(125, '2016-04-26 12:38:44', '1234568416730295', 87, 0, '', 'None', NULL),
(126, '2016-04-27 06:42:46', '1002043476258019', 88, 1, '', 'None', NULL),
(127, '2016-04-28 02:29:01', '1002047463910528', 88, 1, '', 'None', NULL),
(128, '2016-04-28 02:33:45', '1002041207568349', 89, 1, '', 'None', NULL),
(129, '2016-04-28 03:45:49', '6002129547230681', 90, 0, '', 'None', NULL),
(130, '2016-04-28 06:51:48', '8542745510940962', 91, 0, '', 'None', NULL),
(131, '2016-04-28 09:36:43', '1116031326809754', 92, 1, '', 'None', NULL),
(132, '2016-04-28 18:38:47', '4422609915240858', 93, 0, '', 'None', NULL),
(133, '2016-04-29 04:57:12', '9741646560294928', 94, 0, '', 'None', NULL),
(134, '2016-04-29 05:03:06', '9741626419532758', 94, 0, '', 'None', NULL),
(135, '2016-04-29 05:12:20', '9741651743506724', 94, 0, '', 'None', NULL),
(136, '2016-04-29 05:16:21', '9741632651032409', 94, 0, '', 'None', NULL),
(137, '2016-04-29 05:24:36', '9741647080971226', 94, 0, '', 'None', NULL),
(138, '2016-04-29 17:10:44', '9741689727503631', 94, 0, '', 'None', NULL),
(139, '2016-04-29 18:31:43', '1126081058439762', 95, 0, '', 'None', NULL),
(140, '2016-04-29 18:39:09', '1126084093517268', 95, 0, '', 'None', NULL),
(141, '2016-05-01 18:09:17', '1878781473068952', 96, 0, '', 'None', NULL),
(142, '2016-05-02 17:43:27', '1272235794238061', 97, 0, '', 'None', NULL),
(143, '2016-05-03 11:41:35', '1122106793420851', 98, 0, '', 'None', NULL),
(144, '2016-05-03 11:46:16', '1122105248190763', 98, 0, '', 'None', NULL),
(145, '2016-05-03 15:20:37', '4140386106950719', 99, 0, '', 'None', NULL),
(146, '2016-05-04 06:04:20', '9741603477859462', 94, 0, '', 'None', NULL),
(147, '2016-05-04 17:58:57', '9740983647829735', 53, 0, '', 'None', NULL),
(148, '2016-05-05 08:19:59', '1362223869210475', 100, 1, '', 'None', NULL),
(149, '2016-05-05 11:51:49', '3020627891369502', 101, 0, '', 'None', NULL),
(150, '2016-05-07 15:39:46', '0935917785035234', 102, 0, '', 'None', NULL),
(151, '2016-05-08 11:01:49', '1444778567301492', 103, 0, '', 'None', NULL),
(152, '2016-05-09 06:07:28', '1272232137684059', 105, 0, '', 'None', NULL),
(153, '2016-05-09 06:07:28', '1272230842673591', 105, 0, '', 'None', NULL),
(154, '2016-05-09 10:56:12', '6107114562394290', 106, 1, '', 'None', NULL),
(155, '2016-05-09 17:23:10', '3406070715364294', 80, 0, '', 'None', NULL),
(156, '2016-05-10 06:15:11', '0520962337947250', 107, 0, '', 'None', NULL),
(157, '2016-05-10 17:21:29', '4407608395421726', 108, 0, '', 'None', NULL),
(158, '2016-05-11 16:51:45', '9400930968615578', 109, 1, '', 'None', NULL),
(159, '2016-05-11 17:15:11', 'ug10712512648597', 15, 0, '', 'None', NULL),
(160, '2016-05-11 17:56:37', '6107469857740913', 106, 1, '', 'None', NULL),
(161, '2016-05-12 05:23:47', '1369609478203516', 110, 1, '', 'None', NULL),
(162, '2016-05-13 03:13:48', '0520916907632288', 107, 0, '', 'None', NULL),
(163, '2016-05-13 03:21:11', '0520917467342953', 107, 0, '', 'None', NULL),
(164, '2016-05-14 05:39:24', '8728157790603312', 104, 1, '', 'None', NULL),
(165, '2016-05-14 07:40:19', '9740941062899531', 53, 0, '', 'None', NULL),
(166, '2016-05-14 18:17:42', '1002044512389706', 89, 1, '', 'None', NULL),
(167, '2016-05-16 08:32:29', '0535182446959003', 111, 0, '', 'None', NULL),
(168, '2016-05-16 08:34:16', '0535121867051392', 111, 0, '', 'None', NULL),
(169, '2016-05-16 11:45:00', '0520948146562385', 107, 0, '', 'None', NULL),
(170, '2016-05-17 06:24:01', '1149590139682547', 112, 0, '', 'None', NULL),
(171, '2016-05-17 07:07:12', '8806391086748130', 113, 0, '', 'None', NULL),
(172, '2016-05-17 07:11:22', '8806179340218065', 113, 0, '', 'None', NULL),
(173, '2016-05-17 07:11:52', '8806893986041467', 113, 0, '', 'None', NULL),
(174, '2016-05-17 07:15:04', '8806469211073056', 113, 0, '', 'None', NULL),
(175, '2016-05-17 07:18:53', '8806616038772384', 113, 0, '', 'None', NULL),
(176, '2016-05-17 12:31:53', '8700761329384407', 114, 0, '', 'None', NULL),
(177, '2016-05-17 12:37:01', '8700786726495012', 114, 0, '', 'None', NULL),
(178, '2016-05-17 12:48:31', '8700755727809623', 114, 0, '', 'None', NULL),
(179, '2016-05-17 15:40:48', 'UG10624461837054', 115, 1, '', 'None', NULL),
(180, '2016-05-17 16:51:09', 'UG10624483417295', 115, 1, '', 'None', NULL),
(181, '2016-05-17 23:34:39', '8806877548230130', 113, 0, '', 'None', NULL),
(182, '2016-05-17 23:42:16', '8806365687911207', 113, 0, '', 'None', NULL),
(183, '2016-05-17 23:48:10', '8806579784122603', 113, 0, '', 'None', NULL),
(184, '2016-05-18 05:55:25', '4456447509613482', 116, 0, '', 'None', NULL),
(185, '2016-05-18 18:38:15', '1179251625094387', 117, 1, '', 'None', NULL),
(186, '2016-05-19 11:44:01', 'UG10414103678259', 118, 0, '', 'None', NULL),
(187, '2016-05-19 11:48:08', 'UG10414108794251', 118, 0, '', 'None', NULL),
(188, '2016-05-20 04:38:18', '8806846504825709', 113, 0, '', 'None', NULL),
(189, '2016-05-20 04:57:23', '8806p50411027336', 113, 0, '', 'None', NULL),
(190, '2016-05-20 05:14:20', 'EE08239310597846', 119, 1, '', 'None', NULL),
(191, '2016-05-20 12:22:35', '0520913890406715', 107, 0, '', 'None', NULL),
(192, '2016-05-21 13:25:11', '1041521065234978', 120, 1, '', 'None', NULL),
(193, '2016-05-21 13:25:48', '1041527259086341', 120, 1, '', 'None', NULL),
(194, '2016-05-25 03:30:02', '0520908405621369', 107, 0, '', 'None', NULL),
(195, '2016-05-25 03:48:00', '1142139784613025', 124, 0, '', 'None', NULL),
(196, '2016-05-25 03:53:46', '1142137806415239', 124, 0, '', 'None', NULL),
(197, '2016-05-25 03:54:54', '1142137435098261', 124, 0, '', 'None', NULL),
(198, '2016-05-25 03:58:54', '1142136549810327', 124, 0, '', 'None', NULL),
(199, '2016-05-25 04:02:40', '1142132906415387', 124, 0, '', 'None', NULL),
(200, '2016-05-25 06:38:31', '1142133254906817', 124, 0, '', 'None', NULL),
(201, '2016-05-26 08:43:37', '0520939865361457', 107, 0, '', 'None', NULL),
(202, '2016-05-26 10:00:43', '0781028565160337', 125, 0, '', 'None', NULL),
(203, '2016-05-26 18:50:10', '0781002594317956', 125, 0, '', 'None', NULL),
(204, '2016-05-27 06:34:51', '1142133246159807', 124, 0, '', 'None', NULL),
(205, '2016-05-27 06:55:47', '1142132934567180', 124, 0, '', 'None', NULL),
(206, '2016-05-27 06:59:18', '1142131932856047', 124, 0, '', 'None', NULL),
(207, '2016-05-27 06:59:42', '1142138230917465', 124, 0, '', 'None', NULL),
(208, '2016-05-27 09:23:25', 'UG10416297621045', 118, 1, '', 'None', NULL),
(209, '2016-05-29 02:48:26', '0985907724985346', 126, 1, '', 'None', NULL),
(210, '2016-05-29 02:49:09', '0985997305728816', 126, 1, '', 'None', NULL),
(211, '2016-05-30 05:09:52', '0829746839972140', 127, 0, '', 'None', NULL),
(212, '2016-05-31 07:02:38', '1259104129086357', 128, 1, '', 'None', NULL),
(213, '2016-05-31 07:04:45', '1259107415368902', 128, 1, '', 'None', NULL),
(214, '2016-06-02 20:37:58', '5002015031946287', 129, 0, '', 'None', NULL),
(215, '2016-06-02 20:43:57', '5002015196308472', 129, 0, '', 'None', NULL),
(216, '2016-06-02 20:46:28', '5002157840125396', 130, 0, '', 'None', NULL),
(217, '2016-06-02 21:01:58', '5002011052673948', 129, 0, '', 'None', NULL),
(218, '2016-06-03 06:06:37', 'Bhagavathula4985', 131, 0, '', 'None', NULL),
(219, '2016-06-03 06:09:32', 'Bhagavathula4915', 131, 0, '', 'None', NULL),
(220, '2016-06-03 06:17:17', '5002157082615493', 130, 0, '', 'None', NULL),
(221, '2016-06-03 06:26:25', '5002159832467510', 130, 0, '', 'None', NULL),
(222, '2016-06-03 17:29:15', '1269635609382471', 132, 1, '', 'None', NULL),
(223, '2016-06-03 17:44:06', '5002014381607925', 129, 0, '', 'None', NULL),
(224, '2016-06-05 04:33:15', '5002150185924736', 130, 0, '', 'None', NULL),
(225, '2016-06-05 10:31:57', '1032242093845671', 133, 0, '', 'None', NULL),
(226, '2016-06-05 18:03:13', '0642558004762986', 134, 1, '', 'None', NULL),
(227, '2016-06-06 11:03:02', '7860171692042533', 135, 0, '', 'None', NULL),
(228, '2016-06-06 11:18:14', '7860147805184719', 135, 0, '', 'None', NULL),
(229, '2016-06-07 06:01:26', '5002017690432581', 129, 0, '', 'None', NULL),
(230, '2016-06-07 13:22:26', '1410302146205871', 136, 0, '', 'None', NULL),
(231, '2016-06-07 16:29:54', '8465022198014395', 137, 0, '', 'None', NULL),
(232, '2016-06-07 16:30:22', '4706355437916802', 137, 0, '', 'None', NULL),
(233, '2016-06-08 17:55:29', '5002018526931740', 129, 0, '', 'None', NULL),
(234, '2016-06-09 17:48:43', '9400980084913469', 109, 1, '', 'None', NULL),
(235, '2016-06-09 19:49:41', '7860120421459350', 135, 0, '', 'None', NULL),
(236, '2016-06-09 19:53:46', '7860115299436031', 135, 0, '', 'None', NULL),
(237, '2016-06-09 19:56:01', '7860187969544152', 135, 0, '', 'None', NULL),
(238, '2016-06-09 20:02:09', '7860135074168228', 135, 0, '', 'None', NULL),
(239, '2016-06-09 20:10:58', '7860141760096213', 135, 0, '', 'None', NULL),
(240, '2016-06-09 20:17:23', '7860195430156916', 135, 0, '', 'None', NULL),
(241, '2016-06-10 03:40:23', '5002010987134625', 129, 0, '', 'None', NULL),
(242, '2016-06-10 08:37:26', 'UG10622005768912', 115, 1, '', 'None', NULL),
(243, '2016-06-10 12:00:35', 'ME09311607264385', 138, 1, '', 'None', NULL),
(244, '2016-06-10 17:28:49', '5002010123598467', 129, 0, '', 'None', NULL),
(245, '2016-06-13 06:40:53', '5002018452671093', 129, 0, '', 'None', NULL),
(246, '2016-06-13 06:42:47', '5002016547321098', 129, 0, '', 'None', NULL),
(247, '2016-06-14 05:41:16', '5002016410295783', 129, 0, '', 'None', NULL),
(248, '2016-06-14 05:46:07', '5002013691042587', 129, 0, '', 'None', NULL),
(249, '2016-06-14 05:56:21', '9912330391845625', 139, 1, '', 'None', NULL),
(250, '2016-06-14 06:07:47', '5002155648173209', 130, 0, '', 'None', NULL),
(251, '2016-06-14 06:12:19', '5002018316507429', 129, 0, '', 'None', NULL),
(252, '2016-06-14 06:16:00', '5002018963457210', 129, 0, '', 'None', NULL),
(253, '2016-06-14 07:39:55', '0721019674820683', 140, 0, '', 'None', NULL),
(254, '2016-06-14 07:43:41', '0721084823156913', 140, 0, '', 'None', NULL),
(255, '2016-06-14 07:53:10', '0721074866291283', 140, 0, '', 'None', NULL),
(256, '2016-06-14 16:01:07', '0840626411549028', 141, 0, '', 'None', NULL),
(257, '2016-06-15 06:29:09', '1226388572649130', 142, 1, '', 'None', NULL),
(258, '2016-06-15 06:30:43', '1226387461320598', 142, 1, '', 'None', NULL),
(259, '2016-06-16 14:50:40', '0093879376452810', 143, 1, '', 'None', NULL),
(260, '2016-06-20 08:56:48', 'UG10413681940752', 118, 0, '', 'None', NULL),
(261, '2016-06-21 11:26:37', '1375574510892376', 144, 0, '', 'None', NULL),
(262, '2016-06-22 10:10:15', '1375571970863245', 145, 0, '', 'None', NULL),
(263, '2016-06-22 17:04:22', '9725122758010683', 146, 0, '', 'None', NULL),
(264, '2016-06-23 07:31:40', '0830118503941762', 148, 0, '', 'None', NULL),
(265, '2016-06-24 04:16:45', '1032180265839741', 149, 1, '', 'None', NULL),
(266, '2016-06-24 15:11:54', '1269639736102548', 132, 0, '', 'None', NULL),
(267, '2016-06-26 00:39:34', '0005428913087624', 150, 1, '', 'None', NULL),
(268, '2016-06-26 07:12:01', 'UG10416276843951', 118, 1, '', 'None', NULL),
(269, '2016-06-27 01:51:31', '3013872408638155', 151, 0, '', 'None', NULL),
(270, '2016-06-27 01:59:36', '3013812849054985', 151, 0, '', 'None', NULL),
(271, '2016-06-27 02:03:09', '3013841848713396', 151, 0, '', 'None', NULL),
(272, '2016-06-27 02:05:55', '3013809631536824', 151, 0, '', 'None', NULL),
(273, '2016-06-27 05:33:28', '1349127265041389', 152, 1, '', 'None', NULL),
(274, '2016-06-27 07:00:41', '0433840561905689', 153, 0, '', 'None', NULL),
(275, '2016-06-27 23:52:28', '0862756751824396', 154, 0, '', 'None', NULL),
(276, '2016-06-28 06:23:06', '0433893402875142', 153, 0, '', 'None', NULL),
(277, '2016-06-29 02:35:53', '0823967404617233', 155, 0, '', 'None', NULL),
(278, '2016-06-29 12:29:23', '0133774355132909', 156, 0, '', 'None', NULL),
(279, '2016-06-30 04:28:20', 'UG10322248209356', 34, 1, '', 'None', NULL),
(280, '2016-07-01 04:45:24', '5719239308875049', 157, 0, '', 'None', NULL),
(281, '2016-07-01 04:56:26', '5719364092179560', 157, 0, '', 'None', NULL),
(282, '2016-07-01 04:59:21', 'C080391903678245', 119, 0, '', 'None', NULL),
(283, '2016-07-01 05:00:39', 'C080399546182370', 119, 0, '', 'None', NULL),
(284, '2016-07-01 05:01:40', '5719226857405733', 157, 0, '', 'None', NULL),
(285, '2016-07-01 05:04:50', '5719041953808976', 157, 0, '', 'None', NULL),
(286, '2016-07-01 05:05:24', '5719628432491691', 157, 0, '', 'None', NULL),
(287, '2016-07-04 02:12:16', '5719381056124990', 157, 0, '', 'None', NULL),
(288, '2016-07-04 02:42:45', '0855383204177392', 121, 1, '', 'None', NULL),
(289, '2016-07-04 09:44:28', '1315646142509738', 158, 0, '', 'None', NULL),
(290, '2016-07-04 10:08:13', '1315643928514067', 159, 0, '', 'None', NULL),
(291, '2016-07-04 10:32:59', '1315647930186524', 159, 0, '', 'None', NULL),
(292, '2016-07-04 17:56:49', '8712634150936872', 160, 1, '', 'None', NULL),
(293, '2016-07-05 11:07:55', '9109433752278418', 161, 0, '', 'None', NULL),
(294, '2016-07-05 11:19:57', '5210256408919168', 162, 0, '', 'None', NULL),
(295, '2016-07-05 11:50:06', '5210318465247893', 162, 0, '', 'None', NULL),
(296, '2016-07-05 17:48:31', 'ME09342835490612', 163, 0, '', 'None', NULL),
(297, '2016-07-06 04:51:48', 'MT27043874916052', 164, 0, '', 'None', NULL),
(298, '2016-07-07 08:12:49', '0945268109604743', 165, 0, '', 'None', NULL),
(299, '2016-07-07 15:34:36', '0846793986440775', 166, 1, '', 'None', NULL),
(300, '2016-07-07 16:58:08', '9765903862451837', 167, 1, '', 'None', NULL),
(301, '2016-07-08 16:56:34', '7613388031799756', 168, 0, '', 'None', NULL),
(302, '2016-07-08 16:59:56', '7613373876520014', 168, 0, '', 'None', NULL),
(303, '2016-07-08 17:13:30', '7613301213286778', 168, 0, '', 'None', NULL),
(304, '2016-07-08 17:17:33', '7613387590684113', 168, 0, '', 'None', NULL),
(305, '2016-07-08 17:20:13', '7613385416109639', 168, 0, '', 'None', NULL),
(306, '2016-07-08 17:30:47', '7613333425407685', 168, 0, '', 'None', NULL),
(307, '2016-07-09 12:15:43', '1412500635142908', 169, 0, '', 'None', NULL),
(308, '2016-07-10 07:02:04', '6472027581249185', 170, 0, '', 'None', NULL),
(309, '2016-07-10 15:33:15', '0982048353749298', 171, 0, '', 'None', NULL),
(310, '2016-07-11 09:22:41', '1269645724986031', 172, 1, '', 'None', NULL),
(311, '2016-07-11 09:29:23', 'UG10323945681293', 34, 1, '', 'None', NULL),
(312, '2016-07-11 18:02:01', '7613384471683500', 168, 0, '', 'None', NULL),
(313, '2016-07-11 18:08:14', '7613356526194933', 168, 0, '', 'None', NULL),
(314, '2016-07-13 04:27:46', '9434759630229840', 173, 1, '', 'None', NULL),
(315, '2016-07-13 10:35:51', 'EE08247521860793', 174, 0, '', 'None', NULL),
(316, '2016-07-13 10:58:55', '1023451297536480', 175, 1, '', 'None', NULL),
(317, '2016-07-13 20:15:56', 'M080120895721463', 176, 0, '', 'None', NULL),
(318, '2016-07-15 05:13:43', 'MT27045198042673', 164, 0, '', 'None', NULL),
(319, '2016-07-15 05:21:50', 'MT27045280736941', 164, 0, '', 'None', NULL),
(320, '2016-07-17 21:06:15', '6990953359816406', 177, 0, '', 'None', NULL),
(321, '2016-07-17 21:29:39', '6990930662954390', 177, 0, '', 'None', NULL),
(322, '2016-07-18 04:03:38', '6990940117398025', 177, 0, '', 'None', NULL),
(323, '2016-07-19 03:39:35', '6990946355801787', 177, 0, '', 'None', NULL),
(324, '2016-07-19 04:03:58', '6990953082897769', 177, 0, '', 'None', NULL),
(325, '2016-07-19 07:09:06', '0925401896473569', 178, 1, '', 'None', NULL),
(326, '2016-07-20 02:18:01', '1151325903761428', 179, 0, '', 'None', NULL),
(327, '2016-07-20 14:43:40', 'UG10710328531974', 15, 1, '', 'None', NULL),
(328, '2016-07-20 14:46:24', 'UG10710325138974', 15, 1, '', 'None', NULL),
(329, '2016-07-21 09:56:35', '8790490840561461', 180, 0, '', 'None', NULL),
(330, '2016-07-21 10:17:14', '8790491326594601', 180, 0, '', 'None', NULL),
(331, '2016-07-21 10:20:05', '8790445782037169', 180, 0, '', 'None', NULL),
(332, '2016-07-21 10:28:21', '5098019467508312', 181, 0, '', 'None', NULL),
(333, '2016-07-21 10:59:11', '5098115234180796', 182, 0, '', 'None', NULL),
(334, '2016-07-21 11:14:45', '5098113890127465', 182, 0, '', 'None', NULL),
(335, '2016-07-21 11:17:07', '8790490882671274', 180, 0, '', 'None', NULL),
(336, '2016-07-22 04:47:31', 'C090223147259860', 163, 1, '', 'None', NULL),
(337, '2016-07-22 04:47:48', 'C090226172580349', 163, 1, '', 'None', NULL),
(338, '2016-07-22 08:39:34', '0612102338981012', 183, 0, '', 'None', NULL),
(339, '2016-07-23 02:08:59', '0925541707206885', 184, 0, '', 'None', NULL),
(340, '2016-07-23 02:13:28', '0925520082176654', 184, 0, '', 'None', NULL),
(341, '2016-07-23 18:31:17', 'EC08421006829435', 185, 0, '', 'None', NULL),
(342, '2016-07-23 18:36:17', 'EC08421002895437', 185, 0, '', 'None', NULL),
(343, '2016-07-25 04:58:57', '1032062631840597', 186, 0, '', 'None', NULL),
(344, '2016-07-25 14:52:03', '1316151785346209', 187, 1, '', 'None', NULL),
(345, '2016-07-26 05:49:36', '0923740309512917', 188, 0, '', 'None', NULL),
(346, '2016-07-26 06:33:15', '8790485507164037', 180, 0, '', 'None', NULL),
(347, '2016-07-26 08:26:56', '8811787196087150', 189, 1, '', 'None', NULL),
(348, '2016-07-26 08:27:05', '8811705498461277', 189, 1, '', 'None', NULL),
(349, '2016-07-26 16:15:33', '98445 3426158790', 190, 0, '', 'None', NULL),
(350, '2016-07-26 16:18:22', '9844520526538863', 190, 0, '', 'None', NULL),
(351, '2016-07-27 04:51:19', '8811750537411607', 189, 1, '', 'None', NULL),
(352, '2016-07-27 14:41:57', '1169655784910236', 191, 0, '', 'None', NULL),
(353, '2016-07-27 14:57:00', '1169658960135274', 191, 0, '', 'None', NULL),
(354, '2016-07-27 15:05:11', '1169656128475390', 191, 0, '', 'None', NULL),
(355, '2016-07-30 05:32:35', '3307240766438278', 192, 0, '', 'None', NULL),
(356, '2016-07-31 05:20:52', '0934190581497847', 193, 1, '', 'None', NULL),
(357, '2016-07-31 19:00:11', '3013852827106065', 151, 0, '', 'None', NULL),
(358, '2016-07-31 19:02:48', '3013856890527018', 151, 0, '', 'None', NULL),
(359, '2016-07-31 19:06:22', '3013867898330015', 151, 0, '', 'None', NULL),
(360, '2016-07-31 19:11:20', '3013845870332469', 151, 0, '', 'None', NULL),
(361, '2016-07-31 19:13:50', '3013870081353847', 151, 0, '', 'None', NULL),
(362, '2016-08-01 03:37:21', '1041488051274396', 194, 1, '', 'None', NULL),
(363, '2016-08-01 08:27:18', '4603766175821029', 195, 0, '', 'None', NULL),
(364, '2016-08-03 00:42:46', '0935905088257614', 102, 0, '', 'None', NULL),
(365, '2016-08-03 07:22:41', '0965626059813137', 196, 0, '', 'None', NULL),
(366, '2016-08-03 15:13:04', 'MT21811825734906', 197, 0, '', 'None', NULL),
(367, '2016-08-03 15:16:42', 'MT21815460187932', 197, 0, '', 'None', NULL),
(368, '2016-08-03 15:20:59', 'MT21818547963210', 197, 0, '', 'None', NULL),
(369, '2016-08-04 05:22:19', '0801261642073985', 198, 0, '', 'None', NULL),
(370, '2016-08-04 11:49:42', '2224431256826498', 199, 0, '', 'None', NULL),
(371, '2016-08-05 13:22:09', '0831172550481616', 200, 0, '', 'None', NULL),
(372, '2016-08-06 16:54:59', '1232479720845613', 201, 1, '', 'None', NULL),
(373, '2016-08-06 16:55:04', '1232475491063872', 201, 1, '', 'None', NULL),
(374, '2016-08-07 19:30:21', 'UG10713043291087', 202, 0, '', 'None', NULL),
(375, '2016-08-09 05:05:03', '8700169124302378', 203, 0, '', 'None', NULL),
(376, '2016-08-09 05:17:20', '8700191562748800', 203, 0, '', 'None', NULL),
(377, '2016-08-09 05:39:17', '8652964722375358', 204, 0, '', 'None', NULL),
(378, '2016-08-09 17:51:20', 'UG10611419450287', 115, 1, '', 'None', NULL),
(379, '2016-08-09 17:52:47', 'UG10611420359167', 115, 1, '', 'None', NULL),
(380, '2016-08-09 17:53:14', 'UG10611424063897', 115, 1, '', 'None', NULL),
(381, '2016-08-11 08:58:57', 'CS97757051834629', 205, 1, '', 'None', NULL),
(382, '2016-08-13 08:37:52', 'UG10323923479015', 206, 1, '', 'None', NULL);

--
-- Constraints for dumped tables
--

--
-- Constraints for table `costs`
--
ALTER TABLE `costs`
  ADD CONSTRAINT `costs_ibfk_1` FOREIGN KEY (`service`) REFERENCES `services` (`id`);

--
-- Constraints for table `service_combinations`
--
ALTER TABLE `service_combinations`
  ADD CONSTRAINT `service_combinations_ibfk_1` FOREIGN KEY (`service_id`) REFERENCES `services` (`id`);

--
-- Constraints for table `uploaded_documents`
--
ALTER TABLE `uploaded_documents`
  ADD CONSTRAINT `uploaded_documents_ibfk_1` FOREIGN KEY (`request_id`) REFERENCES `user_requests` (`request_id`) ON DELETE CASCADE ON UPDATE CASCADE;

--
-- Constraints for table `users_groups`
--
ALTER TABLE `users_groups`
  ADD CONSTRAINT `fk_users_groups_groups1` FOREIGN KEY (`group_id`) REFERENCES `groups` (`id`) ON DELETE CASCADE ON UPDATE NO ACTION,
  ADD CONSTRAINT `fk_users_groups_users1` FOREIGN KEY (`user_id`) REFERENCES `users` (`id`) ON DELETE CASCADE ON UPDATE NO ACTION;

--
-- Constraints for table `user_requests`
--
ALTER TABLE `user_requests`
  ADD CONSTRAINT `user_requests_ibfk_1` FOREIGN KEY (`user_id`) REFERENCES `user_info` (`id`) ON DELETE CASCADE ON UPDATE CASCADE;

/*!40101 SET CHARACTER_SET_CLIENT=@OLD_CHARACTER_SET_CLIENT */;
/*!40101 SET CHARACTER_SET_RESULTS=@OLD_CHARACTER_SET_RESULTS */;
/*!40101 SET COLLATION_CONNECTION=@OLD_COLLATION_CONNECTION */;
